,Season,team,opp,result,team_seed,opp_seed,team_n_seed,opp_n_seed
0,2003,1421,1411,1,X16b,X16a,16,16
1,2003,1112,1436,1,Z01,Z16,1,16
2,2003,1113,1272,1,Z10,Z07,10,7
3,2003,1141,1166,1,Z11,Z06,11,6
4,2003,1143,1301,1,W08,W09,8,9
5,2003,1163,1140,1,X05,X12,5,12
6,2003,1181,1161,1,Z03,Z14,3,14
7,2003,1211,1153,1,Z09,Z08,9,8
8,2003,1228,1443,1,Z04,Z13,4,13
9,2003,1242,1429,1,Z02,Z15,2,15
10,2003,1266,1221,1,Y03,Y14,3,14
11,2003,1281,1356,1,Y06,Y11,6,11
12,2003,1323,1454,1,Z05,Z12,5,12
13,2003,1328,1354,1,W01,W16,1,16
14,2003,1390,1360,1,X04,X13,4,13
15,2003,1409,1173,1,Y13,Y04,13,4
16,2003,1458,1451,1,Y05,Y12,5,12
17,2003,1120,1386,1,W10,W07,10,7
18,2003,1139,1280,1,W12,W05,12,5
19,2003,1196,1358,1,X02,X15,2,15
20,2003,1231,1104,1,Y07,Y10,7,10
21,2003,1246,1237,1,Y01,Y16,1,16
22,2003,1257,1122,1,W04,W13,4,13
23,2003,1268,1423,1,X06,X11,6,11
24,2003,1277,1160,1,X07,X10,7,10
25,2003,1329,1335,1,W06,W11,6,11
26,2003,1338,1447,1,Y02,Y15,2,15
27,2003,1345,1261,1,X09,X08,9,8
28,2003,1393,1264,1,W03,W14,3,14
29,2003,1400,1421,1,X01,X16b,1,16
30,2003,1428,1332,1,Y09,Y08,9,8
31,2003,1448,1190,1,W02,W15,2,15
32,2003,1462,1407,1,X03,X14,3,14
33,2003,1112,1211,1,Z01,Z09,1,9
34,2003,1163,1390,1,X05,X04,5,4
35,2003,1181,1141,1,Z03,Z11,3,11
36,2003,1242,1113,1,Z02,Z10,2,10
37,2003,1266,1281,1,Y03,Y06,3,6
38,2003,1323,1228,1,Z05,Z04,5,4
39,2003,1328,1143,1,W01,W08,1,8
40,2003,1458,1409,1,Y05,Y13,5,13
41,2003,1120,1448,1,W10,W02,10,2
42,2003,1139,1257,1,W12,W04,12,4
43,2003,1246,1428,1,Y01,Y09,1,9
44,2003,1268,1462,1,X06,X03,6,3
45,2003,1277,1196,1,X07,X02,7,2
46,2003,1338,1231,1,Y02,Y07,2,7
47,2003,1393,1329,1,W03,W06,3,6
48,2003,1400,1345,1,X01,X09,1,9
49,2003,1112,1323,1,Z01,Z05,1,5
50,2003,1242,1181,1,Z02,Z03,2,3
51,2003,1246,1458,1,Y01,Y05,1,5
52,2003,1266,1338,1,Y03,Y02,3,2
53,2003,1277,1268,1,X07,X06,7,6
54,2003,1328,1139,1,W01,W12,1,12
55,2003,1393,1120,1,W03,W10,3,10
56,2003,1400,1163,1,X01,X05,1,5
57,2003,1242,1112,1,Z02,Z01,2,1
58,2003,1266,1246,1,Y03,Y01,3,1
59,2003,1393,1328,1,W03,W01,3,1
60,2003,1400,1277,1,X01,X07,1,7
61,2003,1242,1266,1,Z02,Y03,2,3
62,2003,1393,1400,1,W03,X01,3,1
63,2003,1393,1242,1,W03,Z02,3,2
64,2004,1197,1250,1,Z16a,Z16b,16,16
65,2004,1104,1356,1,X08,X09,8,9
66,2004,1163,1436,1,X02,X15,2,15
67,2004,1177,1173,1,X07,X10,7,10
68,2004,1181,1106,1,W01,W16,1,16
69,2004,1211,1434,1,Z02,Z15,2,15
70,2004,1264,1196,1,Y12,Y05,12,5
71,2004,1268,1431,1,X04,X13,4,13
72,2004,1305,1277,1,Z10,Z07,10,7
73,2004,1314,1102,1,W06,W11,6,11
74,2004,1371,1112,1,W08,W09,8,9
75,2004,1386,1251,1,Y01,Y16,1,16
76,2004,1390,1427,1,X01,X16,1,16
77,2004,1393,1140,1,X05,X12,5,12
78,2004,1400,1343,1,W03,W14,3,14
79,2004,1403,1150,1,Y08,Y09,8,9
80,2004,1448,1433,1,Y04,Y13,4,13
81,2004,1130,1428,1,Z06,Z11,6,11
82,2004,1153,1190,1,W04,W13,4,13
83,2004,1210,1320,1,Z03,Z14,3,14
84,2004,1228,1293,1,W05,W12,5,12
85,2004,1242,1227,1,Z04,Z13,4,13
86,2004,1246,1197,1,Z01,Z16a,1,16
87,2004,1272,1376,1,Y07,Y10,7,10
88,2004,1280,1284,1,W02,W15,2,15
89,2004,1301,1418,1,X03,X14,3,14
90,2004,1329,1186,1,Y02,Y15,2,15
91,2004,1334,1344,1,Z12,Z05,12,5
92,2004,1338,1416,1,Y03,Y14,3,14
93,2004,1412,1449,1,Z09,Z08,9,8
94,2004,1435,1444,1,X06,X11,6,11
95,2004,1458,1350,1,Y06,Y11,6,11
96,2004,1462,1257,1,W07,W10,7,10
97,2004,1104,1390,1,X08,X01,8,1
98,2004,1163,1177,1,X02,X07,2,7
99,2004,1181,1371,1,W01,W08,1,8
100,2004,1305,1211,1,Z10,Z02,10,2
101,2004,1386,1403,1,Y01,Y08,1,8
102,2004,1393,1268,1,X05,X04,5,4
103,2004,1400,1314,1,W03,W06,3,6
104,2004,1448,1264,1,Y04,Y12,4,12
105,2004,1210,1130,1,Z03,Z06,3,6
106,2004,1228,1153,1,W05,W04,5,4
107,2004,1242,1334,1,Z04,Z12,4,12
108,2004,1329,1272,1,Y02,Y07,2,7
109,2004,1338,1458,1,Y03,Y06,3,6
110,2004,1412,1246,1,Z09,Z01,9,1
111,2004,1435,1301,1,X06,X03,6,3
112,2004,1462,1280,1,W07,W02,7,2
113,2004,1104,1393,1,X08,X05,8,5
114,2004,1163,1435,1,X02,X06,2,6
115,2004,1329,1338,1,Y02,Y03,2,3
116,2004,1386,1448,1,Y01,Y04,1,4
117,2004,1181,1228,1,W01,W05,1,5
118,2004,1210,1305,1,Z03,Z10,3,10
119,2004,1242,1412,1,Z04,Z09,4,9
120,2004,1462,1400,1,W07,W03,7,3
121,2004,1163,1104,1,X02,X08,2,8
122,2004,1329,1386,1,Y02,Y01,2,1
123,2004,1181,1462,1,W01,W07,1,7
124,2004,1210,1242,1,Z03,Z04,3,4
125,2004,1163,1181,1,X02,W01,2,1
126,2004,1210,1329,1,Z03,Y02,3,2
127,2004,1163,1210,1,X02,Z03,2,3
128,2005,1324,1105,1,Z16b,Z16a,16,16
129,2005,1112,1429,1,X03,X14,3,14
130,2005,1130,1335,1,X04,X13,4,13
131,2005,1153,1234,1,Y07,Y10,7,10
132,2005,1211,1457,1,W03,W14,3,14
133,2005,1228,1192,1,X01,X16,1,16
134,2005,1246,1184,1,Y02,Y15,2,15
135,2005,1305,1400,1,X09,X08,9,8
136,2005,1328,1310,1,Y03,Y14,3,14
137,2005,1334,1338,1,W08,W09,8,9
138,2005,1403,1417,1,W06,W11,6,11
139,2005,1412,1261,1,X11,X06,11,6
140,2005,1428,1431,1,Y06,Y11,6,11
141,2005,1448,1151,1,W02,W15,2,15
142,2005,1449,1285,1,W01,W16,1,16
143,2005,1452,1166,1,W07,W10,7,10
144,2005,1454,1104,1,X12,X05,12,5
145,2005,1137,1242,1,Z14,Z03,14,3
146,2005,1163,1416,1,Z02,Z15,2,15
147,2005,1181,1175,1,Y01,Y16,1,16
148,2005,1196,1325,1,Z04,Z13,4,13
149,2005,1210,1203,1,W05,W12,5,12
150,2005,1235,1278,1,Z09,Z08,9,8
151,2005,1257,1418,1,W04,W13,4,13
152,2005,1277,1330,1,Y05,Y12,5,12
153,2005,1280,1390,1,Y09,Y08,9,8
154,2005,1301,1150,1,Z10,Z07,10,7
155,2005,1314,1324,1,Z01,Z16b,1,16
156,2005,1329,1368,1,X02,X15,2,15
157,2005,1356,1388,1,X07,X10,7,10
158,2005,1436,1393,1,Y13,Y04,13,4
159,2005,1437,1307,1,Z05,Z12,5,12
160,2005,1458,1320,1,Z06,Z11,6,11
161,2005,1112,1412,1,X03,X11,3,11
162,2005,1228,1305,1,X01,X09,1,9
163,2005,1246,1153,1,Y02,Y07,2,7
164,2005,1403,1211,1,W06,W03,6,3
165,2005,1428,1328,1,Y06,Y03,6,3
166,2005,1449,1334,1,W01,W08,1,8
167,2005,1452,1448,1,W07,W02,7,2
168,2005,1454,1130,1,X12,X04,12,4
169,2005,1181,1280,1,Y01,Y09,1,9
170,2005,1257,1210,1,W04,W05,4,5
171,2005,1277,1436,1,Y05,Y13,5,13
172,2005,1301,1163,1,Z10,Z02,10,2
173,2005,1314,1235,1,Z01,Z09,1,9
174,2005,1329,1356,1,X02,X07,2,7
175,2005,1437,1196,1,Z05,Z04,5,4
176,2005,1458,1137,1,Z06,Z14,6,14
177,2005,1112,1329,1,X03,X02,3,2
178,2005,1228,1454,1,X01,X12,1,12
179,2005,1257,1449,1,W04,W01,4,1
180,2005,1452,1403,1,W07,W06,7,6
181,2005,1246,1428,1,Y02,Y06,2,6
182,2005,1277,1181,1,Y05,Y01,5,1
183,2005,1314,1437,1,Z01,Z05,1,5
184,2005,1458,1301,1,Z06,Z10,6,10
185,2005,1228,1112,1,X01,X03,1,3
186,2005,1257,1452,1,W04,W07,4,7
187,2005,1277,1246,1,Y05,Y02,5,2
188,2005,1314,1458,1,Z01,Z06,1,6
189,2005,1228,1257,1,X01,W04,1,4
190,2005,1314,1277,1,Z01,Y05,1,5
191,2005,1314,1228,1,Z01,X01,1,1
192,2006,1284,1214,1,Y16b,Y16a,16,16
193,2006,1104,1266,1,X10,X07,10,7
194,2006,1130,1334,1,Y04,Y13,4,13
195,2006,1181,1380,1,W01,W16,1,16
196,2006,1196,1375,1,Y03,Y14,3,14
197,2006,1203,1423,1,W08,W09,8,9
198,2006,1211,1462,1,X03,X14,3,14
199,2006,1228,1102,1,Z04,Z13,4,13
200,2006,1231,1361,1,X06,X11,6,11
201,2006,1261,1233,1,W04,W13,4,13
202,2006,1285,1305,1,Y12,Y05,12,5
203,2006,1397,1457,1,Z02,Z15,2,15
204,2006,1401,1393,1,W12,W05,12,5
205,2006,1417,1125,1,X02,X15,2,15
206,2006,1449,1429,1,Z05,Z12,5,12
207,2006,1454,1328,1,Y11,Y06,11,6
208,2006,1455,1371,1,Z07,Z10,7,10
209,2006,1112,1458,1,Y08,Y09,8,9
210,2006,1133,1242,1,X13,X04,13,4
211,2006,1137,1116,1,X09,X08,9,8
212,2006,1163,1107,1,Z01,Z16,1,16
213,2006,1206,1277,1,Z11,Z06,11,6
214,2006,1207,1320,1,Y07,Y10,7,10
215,2006,1246,1412,1,Z08,Z09,8,9
216,2006,1272,1331,1,X01,X16,1,16
217,2006,1301,1143,1,W10,W07,10,7
218,2006,1314,1293,1,Z03,Z14,3,14
219,2006,1322,1234,1,W14,W03,14,3
220,2006,1326,1172,1,Y02,Y15,2,15
221,2006,1338,1245,1,X05,X12,5,12
222,2006,1400,1335,1,W02,W15,2,15
223,2006,1437,1284,1,Y01,Y16b,1,16
224,2006,1452,1356,1,W06,W11,6,11
225,2006,1130,1285,1,Y04,Y12,4,12
226,2006,1181,1203,1,W01,W08,1,8
227,2006,1196,1454,1,Y03,Y11,3,11
228,2006,1211,1231,1,X03,X06,3,6
229,2006,1261,1401,1,W04,W12,4,12
230,2006,1417,1104,1,X02,X10,2,10
231,2006,1449,1228,1,Z05,Z04,5,4
232,2006,1455,1397,1,Z07,Z02,7,2
233,2006,1133,1338,1,X13,X05,13,5
234,2006,1163,1246,1,Z01,Z08,1,8
235,2006,1206,1314,1,Z11,Z03,11,3
236,2006,1207,1326,1,Y07,Y02,7,2
237,2006,1272,1137,1,X01,X09,1,9
238,2006,1400,1301,1,W02,W10,2,10
239,2006,1437,1112,1,Y01,Y08,1,8
240,2006,1452,1322,1,W06,W14,6,14
241,2006,1261,1181,1,W04,W01,4,1
242,2006,1272,1133,1,X01,X13,1,13
243,2006,1400,1452,1,W02,W06,2,6
244,2006,1417,1211,1,X02,X03,2,3
245,2006,1163,1449,1,Z01,Z05,1,5
246,2006,1196,1207,1,Y03,Y07,3,7
247,2006,1206,1455,1,Z11,Z07,11,7
248,2006,1437,1130,1,Y01,Y04,1,4
249,2006,1261,1400,1,W04,W02,4,2
250,2006,1417,1272,1,X02,X01,2,1
251,2006,1196,1437,1,Y03,Y01,3,1
252,2006,1206,1163,1,Z11,Z01,11,1
253,2006,1196,1206,1,Y03,Z11,3,11
254,2006,1417,1261,1,X02,W04,2,4
255,2006,1196,1417,1,Y03,X02,3,2
256,2007,1310,1197,1,Z16b,Z16a,16,16
257,2007,1130,1403,1,W07,W10,7,10
258,2007,1139,1330,1,Y05,Y12,5,12
259,2007,1207,1125,1,W02,W15,2,15
260,2007,1231,1211,1,Z07,Z10,7,10
261,2007,1257,1390,1,X06,X11,6,11
262,2007,1268,1172,1,Y04,Y13,4,13
263,2007,1277,1266,1,W09,W08,9,8
264,2007,1314,1184,1,W01,W16,1,16
265,2007,1326,1148,1,X01,X16,1,16
266,2007,1338,1460,1,Z03,Z14,3,14
267,2007,1401,1335,1,X03,X14,3,14
268,2007,1417,1451,1,Z02,Z15,2,15
269,2007,1433,1181,1,Z11,Z06,11,6
270,2007,1435,1203,1,W06,W11,6,11
271,2007,1450,1331,1,W03,W14,3,14
272,2007,1462,1140,1,X09,X08,9,8
273,2007,1196,1238,1,Y01,Y16,1,16
274,2007,1242,1310,1,Z01,Z16b,1,16
275,2007,1246,1437,1,Z08,Z09,8,9
276,2007,1272,1317,1,X02,X15,2,15
277,2007,1305,1166,1,X07,X10,7,10
278,2007,1332,1275,1,Y03,Y14,3,14
279,2007,1345,1112,1,Y09,Y08,9,8
280,2007,1356,1221,1,Z04,Z13,4,13
281,2007,1397,1253,1,X05,X12,5,12
282,2007,1400,1308,1,W04,W13,4,13
283,2007,1424,1210,1,Y07,Y10,7,10
284,2007,1425,1116,1,W05,W12,5,12
285,2007,1438,1107,1,X04,X13,4,13
286,2007,1439,1228,1,Z05,Z12,5,12
287,2007,1457,1323,1,Y11,Y06,11,6
288,2007,1458,1394,1,Y02,Y15,2,15
289,2007,1139,1268,1,Y05,Y04,5,4
290,2007,1207,1130,1,W02,W07,2,7
291,2007,1314,1277,1,W01,W09,1,9
292,2007,1326,1462,1,X01,X09,1,9
293,2007,1338,1433,1,Z03,Z11,3,11
294,2007,1401,1257,1,X03,X06,3,6
295,2007,1417,1231,1,Z02,Z07,2,7
296,2007,1435,1450,1,W06,W03,6,3
297,2007,1196,1345,1,Y01,Y09,1,9
298,2007,1242,1246,1,Z01,Z08,1,8
299,2007,1272,1305,1,X02,X07,2,7
300,2007,1332,1457,1,Y03,Y11,3,11
301,2007,1356,1439,1,Z04,Z05,4,5
302,2007,1397,1438,1,X05,X04,5,4
303,2007,1424,1458,1,Y07,Y02,7,2
304,2007,1425,1400,1,W05,W04,5,4
305,2007,1242,1356,1,Z01,Z04,1,4
306,2007,1272,1401,1,X02,X03,2,3
307,2007,1326,1397,1,X01,X05,1,5
308,2007,1417,1338,1,Z02,Z03,2,3
309,2007,1196,1139,1,Y01,Y05,1,5
310,2007,1207,1435,1,W02,W06,2,6
311,2007,1314,1425,1,W01,W05,1,5
312,2007,1332,1424,1,Y03,Y07,3,7
313,2007,1326,1272,1,X01,X02,1,2
314,2007,1417,1242,1,Z02,Z01,2,1
315,2007,1196,1332,1,Y01,Y03,1,3
316,2007,1207,1314,1,W02,W01,2,1
317,2007,1196,1417,1,Y01,Z02,1,2
318,2007,1326,1207,1,X01,W02,1,2
319,2007,1196,1326,1,Y01,X01,1,1
320,2008,1291,1164,1,W16b,W16a,16,16
321,2008,1181,1125,1,Z02,Z15,2,15
322,2008,1242,1340,1,X01,X16,1,16
323,2008,1243,1425,1,X11,X06,11,6
324,2008,1266,1246,1,Y06,Y11,6,11
325,2008,1277,1396,1,Y05,Y12,5,12
326,2008,1323,1206,1,W05,W12,5,12
327,2008,1338,1331,1,Y04,Y13,4,13
328,2008,1345,1124,1,Z06,Z11,6,11
329,2008,1390,1165,1,Y03,Y14,3,14
330,2008,1401,1140,1,Z09,Z08,9,8
331,2008,1417,1290,1,Z01,Z16,1,16
332,2008,1424,1245,1,X08,X09,8,9
333,2008,1450,1457,1,W04,W13,4,13
334,2008,1452,1112,1,Z07,Z10,7,10
335,2008,1458,1168,1,X03,X14,3,14
336,2008,1462,1208,1,Z03,Z14,3,14
337,2008,1116,1231,1,W09,W08,9,8
338,2008,1139,1375,1,W07,W10,7,10
339,2008,1172,1211,1,X10,X07,10,7
340,2008,1207,1420,1,X02,X15,2,15
341,2008,1257,1129,1,W03,W14,3,14
342,2008,1272,1426,1,Y01,Y16,1,16
343,2008,1274,1388,1,Y07,Y10,7,10
344,2008,1280,1332,1,Y08,Y09,8,9
345,2008,1314,1291,1,W01,W16b,1,16
346,2008,1328,1386,1,W06,W11,6,11
347,2008,1360,1163,1,Z13,Z04,13,4
348,2008,1373,1435,1,X13,X04,13,4
349,2008,1397,1110,1,W02,W15,2,15
350,2008,1400,1122,1,Y02,Y15,2,15
351,2008,1437,1155,1,X12,X05,12,5
352,2008,1443,1179,1,Z12,Z05,12,5
353,2008,1242,1424,1,X01,X08,1,8
354,2008,1277,1338,1,Y05,Y04,5,4
355,2008,1390,1266,1,Y03,Y06,3,6
356,2008,1417,1401,1,Z01,Z09,1,9
357,2008,1450,1323,1,W04,W05,4,5
358,2008,1452,1181,1,Z07,Z02,7,2
359,2008,1458,1243,1,X03,X11,3,11
360,2008,1462,1345,1,Z03,Z06,3,6
361,2008,1172,1207,1,X10,X02,10,2
362,2008,1257,1328,1,W03,W06,3,6
363,2008,1272,1280,1,Y01,Y08,1,8
364,2008,1314,1116,1,W01,W09,1,9
365,2008,1397,1139,1,W02,W07,2,7
366,2008,1400,1274,1,Y02,Y07,2,7
367,2008,1437,1373,1,X12,X13,12,13
368,2008,1443,1360,1,Z12,Z13,12,13
369,2008,1257,1397,1,W03,W02,3,2
370,2008,1314,1450,1,W01,W04,1,4
371,2008,1417,1443,1,Z01,Z12,1,12
372,2008,1462,1452,1,Z03,Z07,3,7
373,2008,1172,1458,1,X10,X03,10,3
374,2008,1242,1437,1,X01,X12,1,12
375,2008,1272,1277,1,Y01,Y05,1,5
376,2008,1400,1390,1,Y02,Y03,2,3
377,2008,1314,1257,1,W01,W03,1,3
378,2008,1417,1462,1,Z01,Z03,1,3
379,2008,1242,1172,1,X01,X10,1,10
380,2008,1272,1400,1,Y01,Y02,1,2
381,2008,1242,1314,1,X01,W01,1,1
382,2008,1272,1417,1,Y01,Z01,1,1
383,2008,1242,1272,1,X01,Y01,1,1
384,2009,1287,1106,1,Y16b,Y16a,16,16
385,2009,1163,1151,1,Z01,Z16,1,16
386,2009,1181,1127,1,W02,W15,2,15
387,2009,1211,1103,1,X04,X13,4,13
388,2009,1261,1139,1,X08,X09,8,9
389,2009,1268,1143,1,Z10,Z07,10,7
390,2009,1272,1169,1,Z02,Z15,2,15
391,2009,1276,1155,1,X10,X07,10,7
392,2009,1314,1347,1,X01,X16,1,16
393,2009,1328,1288,1,X02,X15,2,15
394,2009,1345,1320,1,Z05,Z12,5,12
395,2009,1400,1278,1,W07,W10,7,10
396,2009,1401,1140,1,Z09,Z08,9,8
397,2009,1417,1433,1,W06,W11,6,11
398,2009,1437,1110,1,W03,W14,3,14
399,2009,1443,1228,1,X12,X05,12,5
400,2009,1449,1280,1,Z04,Z13,4,13
401,2009,1112,1428,1,Y12,Y05,12,5
402,2009,1113,1396,1,X06,X11,6,11
403,2009,1156,1448,1,Y13,Y04,13,4
404,2009,1173,1452,1,Y11,Y06,11,6
405,2009,1242,1295,1,Y03,Y14,3,14
406,2009,1257,1287,1,Y01,Y16b,1,16
407,2009,1266,1429,1,Z06,Z11,6,11
408,2009,1277,1352,1,Y02,Y15,2,15
409,2009,1281,1165,1,Z03,Z14,3,14
410,2009,1329,1397,1,W08,W09,8,9
411,2009,1338,1190,1,W01,W16,1,16
412,2009,1373,1326,1,Y09,Y08,9,8
413,2009,1393,1372,1,X03,X14,3,14
414,2009,1425,1130,1,Y10,Y07,10,7
415,2009,1458,1199,1,W12,W05,12,5
416,2009,1462,1340,1,W04,W13,4,13
417,2009,1163,1401,1,Z01,Z09,1,9
418,2009,1181,1400,1,W02,W07,2,7
419,2009,1211,1443,1,X04,X12,4,12
420,2009,1272,1268,1,Z02,Z10,2,10
421,2009,1314,1261,1,X01,X08,1,8
422,2009,1328,1276,1,X02,X10,2,10
423,2009,1345,1449,1,Z05,Z04,5,4
424,2009,1437,1417,1,W03,W06,3,6
425,2009,1112,1156,1,Y12,Y13,12,13
426,2009,1242,1173,1,Y03,Y11,3,11
427,2009,1257,1373,1,Y01,Y09,1,9
428,2009,1277,1425,1,Y02,Y10,2,10
429,2009,1281,1266,1,Z03,Z06,3,6
430,2009,1338,1329,1,W01,W08,1,8
431,2009,1393,1113,1,X03,X06,3,6
432,2009,1462,1458,1,W04,W12,4,12
433,2009,1163,1345,1,Z01,Z05,1,5
434,2009,1281,1272,1,Z03,Z02,3,2
435,2009,1338,1462,1,W01,W04,1,4
436,2009,1437,1181,1,W03,W02,3,2
437,2009,1257,1112,1,Y01,Y12,1,12
438,2009,1277,1242,1,Y02,Y03,2,3
439,2009,1314,1211,1,X01,X04,1,4
440,2009,1328,1393,1,X02,X03,2,3
441,2009,1163,1281,1,Z01,Z03,1,3
442,2009,1437,1338,1,W03,W01,3,1
443,2009,1277,1257,1,Y02,Y01,2,1
444,2009,1314,1328,1,X01,X02,1,2
445,2009,1277,1163,1,Y02,Z01,2,1
446,2009,1314,1437,1,X01,W03,1,3
447,2009,1314,1277,1,X01,Y02,1,2
448,2010,1115,1457,1,X16a,X16b,16,16
449,2010,1124,1358,1,X03,X14,3,14
450,2010,1139,1431,1,Z05,Z12,5,12
451,2010,1140,1196,1,Z07,Z10,7,10
452,2010,1242,1250,1,Y01,Y16,1,16
453,2010,1243,1317,1,Z02,Z15,2,15
454,2010,1246,1190,1,W01,W16,1,16
455,2010,1293,1435,1,Z13,Z04,13,4
456,2010,1307,1285,1,W03,W14,3,14
457,2010,1320,1424,1,Y09,Y08,9,8
458,2010,1325,1207,1,Y14,Y03,14,3
459,2010,1330,1323,1,X11,X06,11,6
460,2010,1388,1350,1,X10,X07,10,7
461,2010,1397,1361,1,Y06,Y11,6,11
462,2010,1437,1352,1,X02,X15,2,15
463,2010,1448,1400,1,W09,W08,9,8
464,2010,1449,1266,1,W11,W06,11,6
465,2010,1143,1257,1,X08,X09,8,9
466,2010,1165,1396,1,W12,W05,12,5
467,2010,1181,1115,1,X01,X16a,1,16
468,2010,1210,1329,1,Y10,Y07,10,7
469,2010,1211,1199,1,Z08,Z09,8,9
470,2010,1268,1222,1,Y04,Y13,4,13
471,2010,1277,1308,1,Y05,Y12,5,12
472,2010,1281,1155,1,W10,W07,10,7
473,2010,1326,1364,1,Y02,Y15,2,15
474,2010,1338,1324,1,Z03,Z14,3,14
475,2010,1345,1373,1,X04,X13,4,13
476,2010,1393,1436,1,Z01,Z16,1,16
477,2010,1401,1429,1,X05,X12,5,12
478,2010,1452,1288,1,W02,W15,2,15
479,2010,1458,1459,1,W04,W13,4,13
480,2010,1462,1278,1,Z06,Z11,6,11
481,2010,1124,1330,1,X03,X11,3,11
482,2010,1139,1293,1,Z05,Z13,5,13
483,2010,1243,1140,1,Z02,Z07,2,7
484,2010,1246,1448,1,W01,W09,1,9
485,2010,1320,1242,1,Y09,Y01,9,1
486,2010,1388,1437,1,X10,X02,10,2
487,2010,1397,1325,1,Y06,Y14,6,14
488,2010,1449,1307,1,W11,W03,11,3
489,2010,1165,1458,1,W12,W04,12,4
490,2010,1181,1143,1,X01,X08,1,8
491,2010,1277,1268,1,Y05,Y04,5,4
492,2010,1326,1210,1,Y02,Y10,2,10
493,2010,1345,1401,1,X04,X05,4,5
494,2010,1393,1211,1,Z01,Z08,1,8
495,2010,1452,1281,1,W02,W10,2,10
496,2010,1462,1338,1,Z06,Z03,6,3
497,2010,1139,1393,1,Z05,Z01,5,1
498,2010,1243,1462,1,Z02,Z06,2,6
499,2010,1246,1165,1,W01,W12,1,12
500,2010,1452,1449,1,W02,W11,2,11
501,2010,1124,1388,1,X03,X10,3,10
502,2010,1181,1345,1,X01,X04,1,4
503,2010,1277,1320,1,Y05,Y09,5,9
504,2010,1397,1326,1,Y06,Y02,6,2
505,2010,1139,1243,1,Z05,Z02,5,2
506,2010,1452,1246,1,W02,W01,2,1
507,2010,1181,1124,1,X01,X03,1,3
508,2010,1277,1397,1,Y05,Y06,5,6
509,2010,1139,1277,1,Z05,Y05,5,5
510,2010,1181,1452,1,X01,W02,1,2
511,2010,1181,1139,1,X01,Z05,1,5
512,2011,1155,1412,1,W12a,W12b,12,12
513,2011,1421,1114,1,Y16b,Y16a,16,16
514,2011,1427,1106,1,W16b,W16a,16,16
515,2011,1433,1425,1,Z11b,Z11a,11,11
516,2011,1139,1330,1,Y08,Y09,8,9
517,2011,1140,1459,1,Y03,Y14,3,14
518,2011,1153,1281,1,X06,X11,6,11
519,2011,1163,1137,1,X03,X14,3,14
520,2011,1196,1364,1,Y02,Y15,2,15
521,2011,1211,1385,1,Y11,Y06,11,6
522,2011,1243,1429,1,Y05,Y12,5,12
523,2011,1246,1343,1,W04,W13,4,13
524,2011,1287,1257,1,Z13,Z04,13,4
525,2011,1338,1421,1,Y01,Y16b,1,16
526,2011,1350,1435,1,Z12,Z05,12,5
527,2011,1361,1294,1,X02,X15,2,15
528,2011,1396,1336,1,X07,X10,7,10
529,2011,1417,1277,1,Y07,Y10,7,10
530,2011,1452,1155,1,W05,W12a,5,12
531,2011,1458,1125,1,Y04,Y13,4,13
532,2011,1112,1272,1,X05,X12,5,12
533,2011,1181,1214,1,X01,X16,1,16
534,2011,1199,1401,1,Z10,Z07,10,7
535,2011,1206,1437,1,W08,W09,8,9
536,2011,1228,1424,1,Z09,Z08,9,8
537,2011,1242,1131,1,Z01,Z16,1,16
538,2011,1266,1462,1,W11,W06,11,6
539,2011,1276,1397,1,X08,X09,8,9
540,2011,1314,1254,1,W02,W15,2,15
541,2011,1323,1103,1,Z02,Z15,2,15
542,2011,1326,1427,1,W01,W16b,1,16
543,2011,1345,1389,1,Z03,Z14,3,14
544,2011,1393,1232,1,W03,W14,3,14
545,2011,1400,1324,1,X04,X13,4,13
546,2011,1433,1207,1,Z11b,Z06,11,6
547,2011,1449,1208,1,W07,W10,7,10
548,2011,1139,1338,1,Y08,Y01,8,1
549,2011,1140,1211,1,Y03,Y11,3,11
550,2011,1163,1153,1,X03,X06,3,6
551,2011,1196,1417,1,Y02,Y07,2,7
552,2011,1246,1452,1,W04,W05,4,5
553,2011,1350,1287,1,Z12,Z13,12,13
554,2011,1361,1396,1,X02,X07,2,7
555,2011,1458,1243,1,Y04,Y05,4,5
556,2011,1112,1400,1,X05,X04,5,4
557,2011,1181,1276,1,X01,X08,1,8
558,2011,1199,1323,1,Z10,Z02,10,2
559,2011,1242,1228,1,Z01,Z09,1,9
560,2011,1266,1393,1,W11,W03,11,3
561,2011,1314,1449,1,W02,W07,2,7
562,2011,1326,1206,1,W01,W08,1,8
563,2011,1433,1345,1,Z11b,Z03,11,3
564,2011,1112,1181,1,X05,X01,5,1
565,2011,1139,1458,1,Y08,Y04,8,4
566,2011,1163,1361,1,X03,X02,3,2
567,2011,1196,1140,1,Y02,Y03,2,3
568,2011,1242,1350,1,Z01,Z12,1,12
569,2011,1246,1326,1,W04,W01,4,1
570,2011,1314,1266,1,W02,W11,2,11
571,2011,1433,1199,1,Z11b,Z10,11,10
572,2011,1139,1196,1,Y08,Y02,8,2
573,2011,1163,1112,1,X03,X05,3,5
574,2011,1246,1314,1,W04,W02,4,2
575,2011,1433,1242,1,Z11b,Z01,11,1
576,2011,1139,1433,1,Y08,Z11b,8,11
577,2011,1163,1246,1,X03,W04,3,4
578,2011,1163,1139,1,X03,Y08,3,8
579,2012,1140,1233,1,Z14a,Z14b,14,14
580,2012,1443,1290,1,Y16b,Y16a,16,16
581,2012,1378,1143,1,X12b,X12a,12,12
582,2012,1436,1249,1,X16b,X16a,16,16
583,2012,1124,1355,1,Y03,Y14,3,14
584,2012,1160,1424,1,Y11,Y06,11,6
585,2012,1211,1452,1,W07,W10,7,10
586,2012,1231,1308,1,Y04,Y13,4,13
587,2012,1235,1163,1,Y08,Y09,8,9
588,2012,1243,1379,1,W08,W09,8,9
589,2012,1246,1443,1,Y01,Y16b,1,16
590,2012,1257,1172,1,Z04,Z13,4,13
591,2012,1266,1140,1,Z03,Z14a,3,14
592,2012,1293,1161,1,Z06,Z11,6,11
593,2012,1307,1253,1,Z05,Z12,5,12
594,2012,1326,1259,1,W02,W15,2,15
595,2012,1393,1421,1,W01,W16,1,16
596,2012,1433,1455,1,Y12,Y05,12,5
597,2012,1435,1217,1,W05,W12,5,12
598,2012,1458,1285,1,W04,W13,4,13
599,2012,1153,1400,1,W06,W11,6,11
600,2012,1166,1104,1,X08,X09,8,9
601,2012,1196,1438,1,Z07,Z10,7,10
602,2012,1199,1382,1,W03,W14,3,14
603,2012,1207,1125,1,X03,X14,3,14
604,2012,1242,1178,1,X02,X15,2,15
605,2012,1250,1181,1,Y15,Y02,15,2
606,2012,1277,1254,1,Z01,Z16,1,16
607,2012,1301,1361,1,X11,X06,11,6
608,2012,1313,1281,1,Z15,Z02,15,2
609,2012,1314,1436,1,X01,X16b,1,16
610,2012,1325,1276,1,X13,X04,13,4
611,2012,1345,1388,1,X10,X07,10,7
612,2012,1378,1396,1,X12b,X05,12,5
613,2012,1387,1272,1,Z09,Z08,9,8
614,2012,1462,1323,1,Y10,Y07,10,7
615,2012,1124,1160,1,Y03,Y11,3,11
616,2012,1231,1433,1,Y04,Y12,4,12
617,2012,1246,1235,1,Y01,Y08,1,8
618,2012,1257,1307,1,Z04,Z05,4,5
619,2012,1266,1293,1,Z03,Z06,3,6
620,2012,1326,1211,1,W02,W07,2,7
621,2012,1393,1243,1,W01,W08,1,8
622,2012,1458,1435,1,W04,W05,4,5
623,2012,1153,1199,1,W06,W03,6,3
624,2012,1196,1313,1,Z07,Z15,7,15
625,2012,1242,1345,1,X02,X10,2,10
626,2012,1277,1387,1,Z01,Z09,1,9
627,2012,1301,1207,1,X11,X03,11,3
628,2012,1314,1166,1,X01,X08,1,8
629,2012,1325,1378,1,X13,X12b,13,12
630,2012,1462,1250,1,Y10,Y15,10,15
631,2012,1196,1266,1,Z07,Z03,7,3
632,2012,1257,1277,1,Z04,Z01,4,1
633,2012,1326,1153,1,W02,W06,2,6
634,2012,1393,1458,1,W01,W04,1,4
635,2012,1124,1462,1,Y03,Y10,3,10
636,2012,1242,1301,1,X02,X11,2,11
637,2012,1246,1231,1,Y01,Y04,1,4
638,2012,1314,1325,1,X01,X13,1,13
639,2012,1257,1196,1,Z04,Z07,4,7
640,2012,1326,1393,1,W02,W01,2,1
641,2012,1242,1314,1,X02,X01,2,1
642,2012,1246,1124,1,Y01,Y03,1,3
643,2012,1242,1326,1,X02,W02,2,2
644,2012,1246,1257,1,Y01,Z04,1,4
645,2012,1246,1242,1,Y01,X02,1,2
646,2013,1299,1251,1,Y16b,Y16a,16,16
647,2013,1388,1292,1,Y11b,Y11a,11,11
648,2013,1241,1254,1,W16a,W16b,16,16
649,2013,1247,1129,1,Z13b,Z13a,13,13
650,2013,1112,1125,1,Z06,Z11,6,11
651,2013,1139,1137,1,W06,W11,6,11
652,2013,1143,1424,1,W12,W05,12,5
653,2013,1161,1281,1,Y08,Y09,8,9
654,2013,1211,1380,1,Z01,Z16,1,16
655,2013,1217,1307,1,Z14,Z03,14,3
656,2013,1257,1299,1,Y01,Y16b,1,16
657,2013,1266,1172,1,W03,W14,3,14
658,2013,1272,1388,1,Y06,Y11b,6,11
659,2013,1276,1355,1,X04,X13,4,13
660,2013,1277,1434,1,Y03,Y14,3,14
661,2013,1332,1329,1,Y12,Y05,12,5
662,2013,1387,1308,1,Y04,Y13,4,13
663,2013,1393,1285,1,W04,W13,4,13
664,2013,1433,1103,1,X05,X12,5,12
665,2013,1455,1338,1,Z09,Z08,9,8
666,2013,1166,1153,1,Y07,Y10,7,10
667,2013,1181,1107,1,Y02,Y15,2,15
668,2013,1195,1207,1,X15,X02,15,2
669,2013,1196,1322,1,X03,X14,3,14
670,2013,1228,1160,1,W07,W10,7,10
671,2013,1231,1241,1,W01,W16a,1,16
672,2013,1235,1323,1,Z10,Z07,10,7
673,2013,1242,1443,1,X01,X16,1,16
674,2013,1247,1243,1,Z13b,Z04,13,4
675,2013,1274,1334,1,W02,W15,2,15
676,2013,1278,1417,1,X11,X06,11,6
677,2013,1279,1458,1,Z12,Z05,12,5
678,2013,1314,1437,1,X08,X09,8,9
679,2013,1326,1233,1,Z02,Z15,2,15
680,2013,1361,1328,1,X07,X10,7,10
681,2013,1396,1301,1,W09,W08,9,8
682,2013,1112,1217,1,Z06,Z14,6,14
683,2013,1257,1161,1,Y01,Y08,1,8
684,2013,1266,1139,1,W03,W06,3,6
685,2013,1276,1433,1,X04,X05,4,5
686,2013,1277,1272,1,Y03,Y06,3,6
687,2013,1332,1387,1,Y12,Y04,12,4
688,2013,1393,1143,1,W04,W12,4,12
689,2013,1455,1211,1,Z09,Z01,9,1
690,2013,1181,1166,1,Y02,Y07,2,7
691,2013,1195,1361,1,X15,X07,15,7
692,2013,1196,1278,1,X03,X11,3,11
693,2013,1231,1396,1,W01,W09,1,9
694,2013,1242,1314,1,X01,X08,1,8
695,2013,1247,1279,1,Z13b,Z12,13,12
696,2013,1274,1228,1,W02,W07,2,7
697,2013,1326,1235,1,Z02,Z10,2,10
698,2013,1266,1274,1,W03,W02,3,2
699,2013,1326,1112,1,Z02,Z06,2,6
700,2013,1393,1231,1,W04,W01,4,1
701,2013,1455,1247,1,Z09,Z13b,9,13
702,2013,1181,1277,1,Y02,Y03,2,3
703,2013,1196,1195,1,X03,X15,3,15
704,2013,1257,1332,1,Y01,Y12,1,12
705,2013,1276,1242,1,X04,X01,4,1
706,2013,1393,1266,1,W04,W03,4,3
707,2013,1455,1326,1,Z09,Z02,9,2
708,2013,1257,1181,1,Y01,Y02,1,2
709,2013,1276,1196,1,X04,X03,4,3
710,2013,1257,1455,1,Y01,Z09,1,9
711,2013,1276,1393,1,X04,W04,4,4
712,2013,1257,1276,1,Y01,X04,1,4
713,2014,1107,1291,1,X16a,X16b,16,16
714,2014,1301,1462,1,Y12a,Y12b,12,12
715,2014,1142,1411,1,Y16a,Y16b,16,16
716,2014,1397,1234,1,Y11b,Y11a,11,11
717,2014,1163,1386,1,W07,W10,7,10
718,2014,1173,1326,1,X11,X06,11,6
719,2014,1196,1107,1,X01,X16a,1,16
720,2014,1217,1153,1,W12,W05,12,5
721,2014,1257,1264,1,Y04,Y13,4,13
722,2014,1276,1459,1,Y02,Y15,2,15
723,2014,1277,1174,1,W04,W13,4,13
724,2014,1295,1328,1,Z12,Z05,12,5
725,2014,1332,1140,1,Z07,Z10,7,10
726,2014,1338,1160,1,X09,X08,9,8
727,2014,1361,1308,1,Z04,Z13,4,13
728,2014,1387,1301,1,Y05,Y12a,5,12
729,2014,1393,1444,1,X03,X14,3,14
730,2014,1400,1113,1,Y07,Y10,7,10
731,2014,1437,1454,1,W02,W15,2,15
732,2014,1458,1110,1,Z02,Z15,2,15
733,2014,1112,1451,1,Z01,Z16,1,16
734,2014,1124,1304,1,Z06,Z11,6,11
735,2014,1166,1418,1,Z03,Z14,3,14
736,2014,1211,1329,1,Z08,Z09,8,9
737,2014,1235,1300,1,W03,W14,3,14
738,2014,1242,1184,1,X02,X15,2,15
739,2014,1246,1243,1,Y08,Y09,8,9
740,2014,1272,1203,1,W08,W09,8,9
741,2014,1273,1181,1,Y14,Y03,14,3
742,2014,1314,1344,1,W06,W11,6,11
743,2014,1372,1433,1,X12,X05,12,5
744,2014,1390,1307,1,X10,X07,10,7
745,2014,1397,1269,1,Y11b,Y06,11,6
746,2014,1417,1409,1,X04,X13,4,13
747,2014,1438,1157,1,W01,W16,1,16
748,2014,1455,1142,1,Y01,Y16a,1,16
749,2014,1163,1437,1,W07,W02,7,2
750,2014,1173,1393,1,X11,X03,11,3
751,2014,1196,1338,1,X01,X09,1,9
752,2014,1257,1387,1,Y04,Y05,4,5
753,2014,1276,1400,1,Y02,Y07,2,7
754,2014,1277,1217,1,W04,W12,4,12
755,2014,1361,1295,1,Z04,Z12,4,12
756,2014,1458,1332,1,Z02,Z07,2,7
757,2014,1112,1211,1,Z01,Z08,1,8
758,2014,1124,1166,1,Z06,Z03,6,3
759,2014,1235,1314,1,W03,W06,3,6
760,2014,1246,1455,1,Y08,Y01,8,1
761,2014,1390,1242,1,X10,X02,10,2
762,2014,1397,1273,1,Y11b,Y14,11,14
763,2014,1417,1372,1,X04,X12,4,12
764,2014,1438,1272,1,W01,W08,1,8
765,2014,1112,1361,1,Z01,Z04,1,4
766,2014,1173,1390,1,X11,X10,11,10
767,2014,1196,1417,1,X01,X04,1,4
768,2014,1458,1124,1,Z02,Z06,2,6
769,2014,1163,1235,1,W07,W03,7,3
770,2014,1246,1257,1,Y08,Y04,8,4
771,2014,1276,1397,1,Y02,Y11b,2,11
772,2014,1277,1438,1,W04,W01,4,1
773,2014,1196,1173,1,X01,X11,1,11
774,2014,1458,1112,1,Z02,Z01,2,1
775,2014,1163,1277,1,W07,W04,7,4
776,2014,1246,1276,1,Y08,Y02,8,2
777,2014,1163,1196,1,W07,X01,7,1
778,2014,1246,1458,1,Y08,Z02,8,2
779,2014,1163,1246,1,W07,Y08,7,8
780,2015,1214,1264,1,Y16a,Y16b,16,16
781,2015,1279,1140,1,Z11b,Z11a,11,11
782,2015,1173,1129,1,W11b,W11a,11,11
783,2015,1352,1316,1,X16b,X16a,16,16
784,2015,1112,1411,1,Z02,Z15,2,15
785,2015,1116,1459,1,Z05,Z12,5,12
786,2015,1139,1400,1,Y06,Y11,6,11
787,2015,1153,1345,1,Y08,Y09,8,9
788,2015,1207,1186,1,X04,X13,4,13
789,2015,1209,1124,1,Z14,Z03,14,3
790,2015,1246,1214,1,Y01,Y16a,1,16
791,2015,1301,1261,1,W08,W09,8,9
792,2015,1314,1217,1,Z04,Z13,4,13
793,2015,1323,1318,1,Y03,Y14,3,14
794,2015,1326,1433,1,Z10,Z07,10,7
795,2015,1412,1235,1,X14,X03,14,3
796,2015,1417,1374,1,X11,X06,11,6
797,2015,1428,1372,1,X05,X12,5,12
798,2015,1437,1248,1,W01,W16,1,16
799,2015,1462,1279,1,Z06,Z11b,6,11
800,2015,1173,1344,1,W11b,W06,11,6
801,2015,1181,1352,1,X01,X16b,1,16
802,2015,1211,1295,1,X02,X15,2,15
803,2015,1234,1172,1,X07,X10,7,10
804,2015,1242,1308,1,Y02,Y15,2,15
805,2015,1257,1414,1,W04,W13,4,13
806,2015,1268,1434,1,Y04,Y13,4,13
807,2015,1277,1208,1,W07,W10,7,10
808,2015,1320,1461,1,W05,W12,5,12
809,2015,1328,1107,1,W03,W14,3,14
810,2015,1332,1329,1,Z08,Z09,8,9
811,2015,1361,1385,1,X08,X09,8,9
812,2015,1438,1125,1,W02,W15,2,15
813,2015,1452,1138,1,Y05,Y12,5,12
814,2015,1455,1231,1,Y07,Y10,7,10
815,2015,1458,1157,1,Z01,Z16,1,16
816,2015,1112,1326,1,Z02,Z10,2,10
817,2015,1246,1153,1,Y01,Y08,1,8
818,2015,1301,1437,1,W08,W01,8,1
819,2015,1314,1116,1,Z04,Z05,4,5
820,2015,1323,1139,1,Y03,Y06,3,6
821,2015,1417,1412,1,X11,X14,11,14
822,2015,1428,1207,1,X05,X04,5,4
823,2015,1462,1209,1,Z06,Z14,6,14
824,2015,1181,1361,1,X01,X08,1,8
825,2015,1211,1234,1,X02,X07,2,7
826,2015,1257,1320,1,W04,W05,4,5
827,2015,1277,1438,1,W07,W02,7,2
828,2015,1328,1173,1,W03,W11b,3,11
829,2015,1452,1268,1,Y05,Y04,5,4
830,2015,1455,1242,1,Y07,Y02,7,2
831,2015,1458,1332,1,Z01,Z08,1,8
832,2015,1112,1462,1,Z02,Z06,2,6
833,2015,1246,1452,1,Y01,Y05,1,5
834,2015,1323,1455,1,Y03,Y07,3,7
835,2015,1458,1314,1,Z01,Z04,1,4
836,2015,1181,1428,1,X01,X05,1,5
837,2015,1211,1417,1,X02,X11,2,11
838,2015,1257,1301,1,W04,W08,4,8
839,2015,1277,1328,1,W07,W03,7,3
840,2015,1246,1323,1,Y01,Y03,1,3
841,2015,1458,1112,1,Z01,Z02,1,2
842,2015,1181,1211,1,X01,X02,1,2
843,2015,1277,1257,1,W07,W04,7,4
844,2015,1181,1277,1,X01,W07,1,7
845,2015,1458,1246,1,Z01,Y01,1,1
846,2015,1181,1458,1,X01,Z01,1,1
847,2016,1195,1192,1,W16b,W16a,16,16
848,2016,1455,1435,1,Y11b,Y11a,11,11
849,2016,1221,1380,1,Z16a,Z16b,16,16
850,2016,1276,1409,1,W11a,W11b,11,11
851,2016,1114,1345,1,X12,X05,12,5
852,2016,1139,1403,1,X09,X08,9,8
853,2016,1163,1160,1,Y09,Y08,9,8
854,2016,1181,1423,1,Z04,Z13,4,13
855,2016,1211,1371,1,X11,X06,11,6
856,2016,1231,1151,1,W05,W12,5,12
857,2016,1235,1233,1,X04,X13,4,13
858,2016,1242,1122,1,Y01,Y16,1,16
859,2016,1246,1392,1,W04,W13,4,13
860,2016,1274,1138,1,Y03,Y14,3,14
861,2016,1314,1195,1,W01,W16b,1,16
862,2016,1344,1425,1,W09,W08,9,8
863,2016,1428,1201,1,X03,X14,3,14
864,2016,1438,1214,1,X01,X16,1,16
865,2016,1455,1112,1,Y11b,Y06,11,6
866,2016,1463,1124,1,Z12,Z05,12,5
867,2016,1218,1143,1,Y13,Y04,13,4
868,2016,1234,1396,1,Y07,Y10,7,10
869,2016,1268,1355,1,Y05,Y12,5,12
870,2016,1292,1277,1,X15,X02,15,2
871,2016,1320,1400,1,Z11,Z06,11,6
872,2016,1323,1276,1,W06,W11a,6,11
873,2016,1328,1167,1,Z02,Z15,2,15
874,2016,1332,1221,1,Z01,Z16a,1,16
875,2016,1372,1452,1,W14,W03,14,3
876,2016,1386,1153,1,Z08,Z09,8,9
877,2016,1393,1173,1,X10,X07,10,7
878,2016,1401,1453,1,Z03,Z14,3,14
879,2016,1433,1333,1,Z10,Z07,10,7
880,2016,1437,1421,1,Y02,Y15,2,15
881,2016,1458,1338,1,W07,W10,7,10
882,2016,1462,1451,1,W02,W15,2,15
883,2016,1181,1463,1,Z04,Z12,4,12
884,2016,1211,1428,1,X11,X03,11,3
885,2016,1231,1246,1,W05,W04,5,4
886,2016,1235,1114,1,X04,X12,4,12
887,2016,1242,1163,1,Y01,Y09,1,9
888,2016,1274,1455,1,Y03,Y11b,3,11
889,2016,1314,1344,1,W01,W09,1,9
890,2016,1438,1139,1,X01,X09,1,9
891,2016,1268,1218,1,Y05,Y13,5,13
892,2016,1323,1372,1,W06,W14,6,14
893,2016,1328,1433,1,Z02,Z10,2,10
894,2016,1332,1386,1,Z01,Z08,1,8
895,2016,1393,1292,1,X10,X15,10,15
896,2016,1401,1320,1,Z03,Z11,3,11
897,2016,1437,1234,1,Y02,Y07,2,7
898,2016,1458,1462,1,W07,W02,7,2
899,2016,1242,1268,1,Y01,Y05,1,5
900,2016,1328,1401,1,Z02,Z03,2,3
901,2016,1332,1181,1,Z01,Z04,1,4
902,2016,1437,1274,1,Y02,Y03,2,3
903,2016,1314,1231,1,W01,W05,1,5
904,2016,1323,1458,1,W06,W07,6,7
905,2016,1393,1211,1,X10,X11,10,11
906,2016,1438,1235,1,X01,X04,1,4
907,2016,1328,1332,1,Z02,Z01,2,1
908,2016,1437,1242,1,Y02,Y01,2,1
909,2016,1314,1323,1,W01,W06,1,6
910,2016,1393,1438,1,X10,X01,10,1
911,2016,1314,1393,1,W01,X10,1,10
912,2016,1437,1328,1,Y02,Z02,2,2
913,2016,1437,1314,1,Y02,W01,2,1
914,2003,1411,1421,0,X16a,X16b,16,16
915,2003,1436,1112,0,Z16,Z01,16,1
916,2003,1272,1113,0,Z07,Z10,7,10
917,2003,1166,1141,0,Z06,Z11,6,11
918,2003,1301,1143,0,W09,W08,9,8
919,2003,1140,1163,0,X12,X05,12,5
920,2003,1161,1181,0,Z14,Z03,14,3
921,2003,1153,1211,0,Z08,Z09,8,9
922,2003,1443,1228,0,Z13,Z04,13,4
923,2003,1429,1242,0,Z15,Z02,15,2
924,2003,1221,1266,0,Y14,Y03,14,3
925,2003,1356,1281,0,Y11,Y06,11,6
926,2003,1454,1323,0,Z12,Z05,12,5
927,2003,1354,1328,0,W16,W01,16,1
928,2003,1360,1390,0,X13,X04,13,4
929,2003,1173,1409,0,Y04,Y13,4,13
930,2003,1451,1458,0,Y12,Y05,12,5
931,2003,1386,1120,0,W07,W10,7,10
932,2003,1280,1139,0,W05,W12,5,12
933,2003,1358,1196,0,X15,X02,15,2
934,2003,1104,1231,0,Y10,Y07,10,7
935,2003,1237,1246,0,Y16,Y01,16,1
936,2003,1122,1257,0,W13,W04,13,4
937,2003,1423,1268,0,X11,X06,11,6
938,2003,1160,1277,0,X10,X07,10,7
939,2003,1335,1329,0,W11,W06,11,6
940,2003,1447,1338,0,Y15,Y02,15,2
941,2003,1261,1345,0,X08,X09,8,9
942,2003,1264,1393,0,W14,W03,14,3
943,2003,1421,1400,0,X16b,X01,16,1
944,2003,1332,1428,0,Y08,Y09,8,9
945,2003,1190,1448,0,W15,W02,15,2
946,2003,1407,1462,0,X14,X03,14,3
947,2003,1211,1112,0,Z09,Z01,9,1
948,2003,1390,1163,0,X04,X05,4,5
949,2003,1141,1181,0,Z11,Z03,11,3
950,2003,1113,1242,0,Z10,Z02,10,2
951,2003,1281,1266,0,Y06,Y03,6,3
952,2003,1228,1323,0,Z04,Z05,4,5
953,2003,1143,1328,0,W08,W01,8,1
954,2003,1409,1458,0,Y13,Y05,13,5
955,2003,1448,1120,0,W02,W10,2,10
956,2003,1257,1139,0,W04,W12,4,12
957,2003,1428,1246,0,Y09,Y01,9,1
958,2003,1462,1268,0,X03,X06,3,6
959,2003,1196,1277,0,X02,X07,2,7
960,2003,1231,1338,0,Y07,Y02,7,2
961,2003,1329,1393,0,W06,W03,6,3
962,2003,1345,1400,0,X09,X01,9,1
963,2003,1323,1112,0,Z05,Z01,5,1
964,2003,1181,1242,0,Z03,Z02,3,2
965,2003,1458,1246,0,Y05,Y01,5,1
966,2003,1338,1266,0,Y02,Y03,2,3
967,2003,1268,1277,0,X06,X07,6,7
968,2003,1139,1328,0,W12,W01,12,1
969,2003,1120,1393,0,W10,W03,10,3
970,2003,1163,1400,0,X05,X01,5,1
971,2003,1112,1242,0,Z01,Z02,1,2
972,2003,1246,1266,0,Y01,Y03,1,3
973,2003,1328,1393,0,W01,W03,1,3
974,2003,1277,1400,0,X07,X01,7,1
975,2003,1266,1242,0,Y03,Z02,3,2
976,2003,1400,1393,0,X01,W03,1,3
977,2003,1242,1393,0,Z02,W03,2,3
978,2004,1250,1197,0,Z16b,Z16a,16,16
979,2004,1356,1104,0,X09,X08,9,8
980,2004,1436,1163,0,X15,X02,15,2
981,2004,1173,1177,0,X10,X07,10,7
982,2004,1106,1181,0,W16,W01,16,1
983,2004,1434,1211,0,Z15,Z02,15,2
984,2004,1196,1264,0,Y05,Y12,5,12
985,2004,1431,1268,0,X13,X04,13,4
986,2004,1277,1305,0,Z07,Z10,7,10
987,2004,1102,1314,0,W11,W06,11,6
988,2004,1112,1371,0,W09,W08,9,8
989,2004,1251,1386,0,Y16,Y01,16,1
990,2004,1427,1390,0,X16,X01,16,1
991,2004,1140,1393,0,X12,X05,12,5
992,2004,1343,1400,0,W14,W03,14,3
993,2004,1150,1403,0,Y09,Y08,9,8
994,2004,1433,1448,0,Y13,Y04,13,4
995,2004,1428,1130,0,Z11,Z06,11,6
996,2004,1190,1153,0,W13,W04,13,4
997,2004,1320,1210,0,Z14,Z03,14,3
998,2004,1293,1228,0,W12,W05,12,5
999,2004,1227,1242,0,Z13,Z04,13,4
1000,2004,1197,1246,0,Z16a,Z01,16,1
1001,2004,1376,1272,0,Y10,Y07,10,7
1002,2004,1284,1280,0,W15,W02,15,2
1003,2004,1418,1301,0,X14,X03,14,3
1004,2004,1186,1329,0,Y15,Y02,15,2
1005,2004,1344,1334,0,Z05,Z12,5,12
1006,2004,1416,1338,0,Y14,Y03,14,3
1007,2004,1449,1412,0,Z08,Z09,8,9
1008,2004,1444,1435,0,X11,X06,11,6
1009,2004,1350,1458,0,Y11,Y06,11,6
1010,2004,1257,1462,0,W10,W07,10,7
1011,2004,1390,1104,0,X01,X08,1,8
1012,2004,1177,1163,0,X07,X02,7,2
1013,2004,1371,1181,0,W08,W01,8,1
1014,2004,1211,1305,0,Z02,Z10,2,10
1015,2004,1403,1386,0,Y08,Y01,8,1
1016,2004,1268,1393,0,X04,X05,4,5
1017,2004,1314,1400,0,W06,W03,6,3
1018,2004,1264,1448,0,Y12,Y04,12,4
1019,2004,1130,1210,0,Z06,Z03,6,3
1020,2004,1153,1228,0,W04,W05,4,5
1021,2004,1334,1242,0,Z12,Z04,12,4
1022,2004,1272,1329,0,Y07,Y02,7,2
1023,2004,1458,1338,0,Y06,Y03,6,3
1024,2004,1246,1412,0,Z01,Z09,1,9
1025,2004,1301,1435,0,X03,X06,3,6
1026,2004,1280,1462,0,W02,W07,2,7
1027,2004,1393,1104,0,X05,X08,5,8
1028,2004,1435,1163,0,X06,X02,6,2
1029,2004,1338,1329,0,Y03,Y02,3,2
1030,2004,1448,1386,0,Y04,Y01,4,1
1031,2004,1228,1181,0,W05,W01,5,1
1032,2004,1305,1210,0,Z10,Z03,10,3
1033,2004,1412,1242,0,Z09,Z04,9,4
1034,2004,1400,1462,0,W03,W07,3,7
1035,2004,1104,1163,0,X08,X02,8,2
1036,2004,1386,1329,0,Y01,Y02,1,2
1037,2004,1462,1181,0,W07,W01,7,1
1038,2004,1242,1210,0,Z04,Z03,4,3
1039,2004,1181,1163,0,W01,X02,1,2
1040,2004,1329,1210,0,Y02,Z03,2,3
1041,2004,1210,1163,0,Z03,X02,3,2
1042,2005,1105,1324,0,Z16a,Z16b,16,16
1043,2005,1429,1112,0,X14,X03,14,3
1044,2005,1335,1130,0,X13,X04,13,4
1045,2005,1234,1153,0,Y10,Y07,10,7
1046,2005,1457,1211,0,W14,W03,14,3
1047,2005,1192,1228,0,X16,X01,16,1
1048,2005,1184,1246,0,Y15,Y02,15,2
1049,2005,1400,1305,0,X08,X09,8,9
1050,2005,1310,1328,0,Y14,Y03,14,3
1051,2005,1338,1334,0,W09,W08,9,8
1052,2005,1417,1403,0,W11,W06,11,6
1053,2005,1261,1412,0,X06,X11,6,11
1054,2005,1431,1428,0,Y11,Y06,11,6
1055,2005,1151,1448,0,W15,W02,15,2
1056,2005,1285,1449,0,W16,W01,16,1
1057,2005,1166,1452,0,W10,W07,10,7
1058,2005,1104,1454,0,X05,X12,5,12
1059,2005,1242,1137,0,Z03,Z14,3,14
1060,2005,1416,1163,0,Z15,Z02,15,2
1061,2005,1175,1181,0,Y16,Y01,16,1
1062,2005,1325,1196,0,Z13,Z04,13,4
1063,2005,1203,1210,0,W12,W05,12,5
1064,2005,1278,1235,0,Z08,Z09,8,9
1065,2005,1418,1257,0,W13,W04,13,4
1066,2005,1330,1277,0,Y12,Y05,12,5
1067,2005,1390,1280,0,Y08,Y09,8,9
1068,2005,1150,1301,0,Z07,Z10,7,10
1069,2005,1324,1314,0,Z16b,Z01,16,1
1070,2005,1368,1329,0,X15,X02,15,2
1071,2005,1388,1356,0,X10,X07,10,7
1072,2005,1393,1436,0,Y04,Y13,4,13
1073,2005,1307,1437,0,Z12,Z05,12,5
1074,2005,1320,1458,0,Z11,Z06,11,6
1075,2005,1412,1112,0,X11,X03,11,3
1076,2005,1305,1228,0,X09,X01,9,1
1077,2005,1153,1246,0,Y07,Y02,7,2
1078,2005,1211,1403,0,W03,W06,3,6
1079,2005,1328,1428,0,Y03,Y06,3,6
1080,2005,1334,1449,0,W08,W01,8,1
1081,2005,1448,1452,0,W02,W07,2,7
1082,2005,1130,1454,0,X04,X12,4,12
1083,2005,1280,1181,0,Y09,Y01,9,1
1084,2005,1210,1257,0,W05,W04,5,4
1085,2005,1436,1277,0,Y13,Y05,13,5
1086,2005,1163,1301,0,Z02,Z10,2,10
1087,2005,1235,1314,0,Z09,Z01,9,1
1088,2005,1356,1329,0,X07,X02,7,2
1089,2005,1196,1437,0,Z04,Z05,4,5
1090,2005,1137,1458,0,Z14,Z06,14,6
1091,2005,1329,1112,0,X02,X03,2,3
1092,2005,1454,1228,0,X12,X01,12,1
1093,2005,1449,1257,0,W01,W04,1,4
1094,2005,1403,1452,0,W06,W07,6,7
1095,2005,1428,1246,0,Y06,Y02,6,2
1096,2005,1181,1277,0,Y01,Y05,1,5
1097,2005,1437,1314,0,Z05,Z01,5,1
1098,2005,1301,1458,0,Z10,Z06,10,6
1099,2005,1112,1228,0,X03,X01,3,1
1100,2005,1452,1257,0,W07,W04,7,4
1101,2005,1246,1277,0,Y02,Y05,2,5
1102,2005,1458,1314,0,Z06,Z01,6,1
1103,2005,1257,1228,0,W04,X01,4,1
1104,2005,1277,1314,0,Y05,Z01,5,1
1105,2005,1228,1314,0,X01,Z01,1,1
1106,2006,1214,1284,0,Y16a,Y16b,16,16
1107,2006,1266,1104,0,X07,X10,7,10
1108,2006,1334,1130,0,Y13,Y04,13,4
1109,2006,1380,1181,0,W16,W01,16,1
1110,2006,1375,1196,0,Y14,Y03,14,3
1111,2006,1423,1203,0,W09,W08,9,8
1112,2006,1462,1211,0,X14,X03,14,3
1113,2006,1102,1228,0,Z13,Z04,13,4
1114,2006,1361,1231,0,X11,X06,11,6
1115,2006,1233,1261,0,W13,W04,13,4
1116,2006,1305,1285,0,Y05,Y12,5,12
1117,2006,1457,1397,0,Z15,Z02,15,2
1118,2006,1393,1401,0,W05,W12,5,12
1119,2006,1125,1417,0,X15,X02,15,2
1120,2006,1429,1449,0,Z12,Z05,12,5
1121,2006,1328,1454,0,Y06,Y11,6,11
1122,2006,1371,1455,0,Z10,Z07,10,7
1123,2006,1458,1112,0,Y09,Y08,9,8
1124,2006,1242,1133,0,X04,X13,4,13
1125,2006,1116,1137,0,X08,X09,8,9
1126,2006,1107,1163,0,Z16,Z01,16,1
1127,2006,1277,1206,0,Z06,Z11,6,11
1128,2006,1320,1207,0,Y10,Y07,10,7
1129,2006,1412,1246,0,Z09,Z08,9,8
1130,2006,1331,1272,0,X16,X01,16,1
1131,2006,1143,1301,0,W07,W10,7,10
1132,2006,1293,1314,0,Z14,Z03,14,3
1133,2006,1234,1322,0,W03,W14,3,14
1134,2006,1172,1326,0,Y15,Y02,15,2
1135,2006,1245,1338,0,X12,X05,12,5
1136,2006,1335,1400,0,W15,W02,15,2
1137,2006,1284,1437,0,Y16b,Y01,16,1
1138,2006,1356,1452,0,W11,W06,11,6
1139,2006,1285,1130,0,Y12,Y04,12,4
1140,2006,1203,1181,0,W08,W01,8,1
1141,2006,1454,1196,0,Y11,Y03,11,3
1142,2006,1231,1211,0,X06,X03,6,3
1143,2006,1401,1261,0,W12,W04,12,4
1144,2006,1104,1417,0,X10,X02,10,2
1145,2006,1228,1449,0,Z04,Z05,4,5
1146,2006,1397,1455,0,Z02,Z07,2,7
1147,2006,1338,1133,0,X05,X13,5,13
1148,2006,1246,1163,0,Z08,Z01,8,1
1149,2006,1314,1206,0,Z03,Z11,3,11
1150,2006,1326,1207,0,Y02,Y07,2,7
1151,2006,1137,1272,0,X09,X01,9,1
1152,2006,1301,1400,0,W10,W02,10,2
1153,2006,1112,1437,0,Y08,Y01,8,1
1154,2006,1322,1452,0,W14,W06,14,6
1155,2006,1181,1261,0,W01,W04,1,4
1156,2006,1133,1272,0,X13,X01,13,1
1157,2006,1452,1400,0,W06,W02,6,2
1158,2006,1211,1417,0,X03,X02,3,2
1159,2006,1449,1163,0,Z05,Z01,5,1
1160,2006,1207,1196,0,Y07,Y03,7,3
1161,2006,1455,1206,0,Z07,Z11,7,11
1162,2006,1130,1437,0,Y04,Y01,4,1
1163,2006,1400,1261,0,W02,W04,2,4
1164,2006,1272,1417,0,X01,X02,1,2
1165,2006,1437,1196,0,Y01,Y03,1,3
1166,2006,1163,1206,0,Z01,Z11,1,11
1167,2006,1206,1196,0,Z11,Y03,11,3
1168,2006,1261,1417,0,W04,X02,4,2
1169,2006,1417,1196,0,X02,Y03,2,3
1170,2007,1197,1310,0,Z16a,Z16b,16,16
1171,2007,1403,1130,0,W10,W07,10,7
1172,2007,1330,1139,0,Y12,Y05,12,5
1173,2007,1125,1207,0,W15,W02,15,2
1174,2007,1211,1231,0,Z10,Z07,10,7
1175,2007,1390,1257,0,X11,X06,11,6
1176,2007,1172,1268,0,Y13,Y04,13,4
1177,2007,1266,1277,0,W08,W09,8,9
1178,2007,1184,1314,0,W16,W01,16,1
1179,2007,1148,1326,0,X16,X01,16,1
1180,2007,1460,1338,0,Z14,Z03,14,3
1181,2007,1335,1401,0,X14,X03,14,3
1182,2007,1451,1417,0,Z15,Z02,15,2
1183,2007,1181,1433,0,Z06,Z11,6,11
1184,2007,1203,1435,0,W11,W06,11,6
1185,2007,1331,1450,0,W14,W03,14,3
1186,2007,1140,1462,0,X08,X09,8,9
1187,2007,1238,1196,0,Y16,Y01,16,1
1188,2007,1310,1242,0,Z16b,Z01,16,1
1189,2007,1437,1246,0,Z09,Z08,9,8
1190,2007,1317,1272,0,X15,X02,15,2
1191,2007,1166,1305,0,X10,X07,10,7
1192,2007,1275,1332,0,Y14,Y03,14,3
1193,2007,1112,1345,0,Y08,Y09,8,9
1194,2007,1221,1356,0,Z13,Z04,13,4
1195,2007,1253,1397,0,X12,X05,12,5
1196,2007,1308,1400,0,W13,W04,13,4
1197,2007,1210,1424,0,Y10,Y07,10,7
1198,2007,1116,1425,0,W12,W05,12,5
1199,2007,1107,1438,0,X13,X04,13,4
1200,2007,1228,1439,0,Z12,Z05,12,5
1201,2007,1323,1457,0,Y06,Y11,6,11
1202,2007,1394,1458,0,Y15,Y02,15,2
1203,2007,1268,1139,0,Y04,Y05,4,5
1204,2007,1130,1207,0,W07,W02,7,2
1205,2007,1277,1314,0,W09,W01,9,1
1206,2007,1462,1326,0,X09,X01,9,1
1207,2007,1433,1338,0,Z11,Z03,11,3
1208,2007,1257,1401,0,X06,X03,6,3
1209,2007,1231,1417,0,Z07,Z02,7,2
1210,2007,1450,1435,0,W03,W06,3,6
1211,2007,1345,1196,0,Y09,Y01,9,1
1212,2007,1246,1242,0,Z08,Z01,8,1
1213,2007,1305,1272,0,X07,X02,7,2
1214,2007,1457,1332,0,Y11,Y03,11,3
1215,2007,1439,1356,0,Z05,Z04,5,4
1216,2007,1438,1397,0,X04,X05,4,5
1217,2007,1458,1424,0,Y02,Y07,2,7
1218,2007,1400,1425,0,W04,W05,4,5
1219,2007,1356,1242,0,Z04,Z01,4,1
1220,2007,1401,1272,0,X03,X02,3,2
1221,2007,1397,1326,0,X05,X01,5,1
1222,2007,1338,1417,0,Z03,Z02,3,2
1223,2007,1139,1196,0,Y05,Y01,5,1
1224,2007,1435,1207,0,W06,W02,6,2
1225,2007,1425,1314,0,W05,W01,5,1
1226,2007,1424,1332,0,Y07,Y03,7,3
1227,2007,1272,1326,0,X02,X01,2,1
1228,2007,1242,1417,0,Z01,Z02,1,2
1229,2007,1332,1196,0,Y03,Y01,3,1
1230,2007,1314,1207,0,W01,W02,1,2
1231,2007,1417,1196,0,Z02,Y01,2,1
1232,2007,1207,1326,0,W02,X01,2,1
1233,2007,1326,1196,0,X01,Y01,1,1
1234,2008,1164,1291,0,W16a,W16b,16,16
1235,2008,1125,1181,0,Z15,Z02,15,2
1236,2008,1340,1242,0,X16,X01,16,1
1237,2008,1425,1243,0,X06,X11,6,11
1238,2008,1246,1266,0,Y11,Y06,11,6
1239,2008,1396,1277,0,Y12,Y05,12,5
1240,2008,1206,1323,0,W12,W05,12,5
1241,2008,1331,1338,0,Y13,Y04,13,4
1242,2008,1124,1345,0,Z11,Z06,11,6
1243,2008,1165,1390,0,Y14,Y03,14,3
1244,2008,1140,1401,0,Z08,Z09,8,9
1245,2008,1290,1417,0,Z16,Z01,16,1
1246,2008,1245,1424,0,X09,X08,9,8
1247,2008,1457,1450,0,W13,W04,13,4
1248,2008,1112,1452,0,Z10,Z07,10,7
1249,2008,1168,1458,0,X14,X03,14,3
1250,2008,1208,1462,0,Z14,Z03,14,3
1251,2008,1231,1116,0,W08,W09,8,9
1252,2008,1375,1139,0,W10,W07,10,7
1253,2008,1211,1172,0,X07,X10,7,10
1254,2008,1420,1207,0,X15,X02,15,2
1255,2008,1129,1257,0,W14,W03,14,3
1256,2008,1426,1272,0,Y16,Y01,16,1
1257,2008,1388,1274,0,Y10,Y07,10,7
1258,2008,1332,1280,0,Y09,Y08,9,8
1259,2008,1291,1314,0,W16b,W01,16,1
1260,2008,1386,1328,0,W11,W06,11,6
1261,2008,1163,1360,0,Z04,Z13,4,13
1262,2008,1435,1373,0,X04,X13,4,13
1263,2008,1110,1397,0,W15,W02,15,2
1264,2008,1122,1400,0,Y15,Y02,15,2
1265,2008,1155,1437,0,X05,X12,5,12
1266,2008,1179,1443,0,Z05,Z12,5,12
1267,2008,1424,1242,0,X08,X01,8,1
1268,2008,1338,1277,0,Y04,Y05,4,5
1269,2008,1266,1390,0,Y06,Y03,6,3
1270,2008,1401,1417,0,Z09,Z01,9,1
1271,2008,1323,1450,0,W05,W04,5,4
1272,2008,1181,1452,0,Z02,Z07,2,7
1273,2008,1243,1458,0,X11,X03,11,3
1274,2008,1345,1462,0,Z06,Z03,6,3
1275,2008,1207,1172,0,X02,X10,2,10
1276,2008,1328,1257,0,W06,W03,6,3
1277,2008,1280,1272,0,Y08,Y01,8,1
1278,2008,1116,1314,0,W09,W01,9,1
1279,2008,1139,1397,0,W07,W02,7,2
1280,2008,1274,1400,0,Y07,Y02,7,2
1281,2008,1373,1437,0,X13,X12,13,12
1282,2008,1360,1443,0,Z13,Z12,13,12
1283,2008,1397,1257,0,W02,W03,2,3
1284,2008,1450,1314,0,W04,W01,4,1
1285,2008,1443,1417,0,Z12,Z01,12,1
1286,2008,1452,1462,0,Z07,Z03,7,3
1287,2008,1458,1172,0,X03,X10,3,10
1288,2008,1437,1242,0,X12,X01,12,1
1289,2008,1277,1272,0,Y05,Y01,5,1
1290,2008,1390,1400,0,Y03,Y02,3,2
1291,2008,1257,1314,0,W03,W01,3,1
1292,2008,1462,1417,0,Z03,Z01,3,1
1293,2008,1172,1242,0,X10,X01,10,1
1294,2008,1400,1272,0,Y02,Y01,2,1
1295,2008,1314,1242,0,W01,X01,1,1
1296,2008,1417,1272,0,Z01,Y01,1,1
1297,2008,1272,1242,0,Y01,X01,1,1
1298,2009,1106,1287,0,Y16a,Y16b,16,16
1299,2009,1151,1163,0,Z16,Z01,16,1
1300,2009,1127,1181,0,W15,W02,15,2
1301,2009,1103,1211,0,X13,X04,13,4
1302,2009,1139,1261,0,X09,X08,9,8
1303,2009,1143,1268,0,Z07,Z10,7,10
1304,2009,1169,1272,0,Z15,Z02,15,2
1305,2009,1155,1276,0,X07,X10,7,10
1306,2009,1347,1314,0,X16,X01,16,1
1307,2009,1288,1328,0,X15,X02,15,2
1308,2009,1320,1345,0,Z12,Z05,12,5
1309,2009,1278,1400,0,W10,W07,10,7
1310,2009,1140,1401,0,Z08,Z09,8,9
1311,2009,1433,1417,0,W11,W06,11,6
1312,2009,1110,1437,0,W14,W03,14,3
1313,2009,1228,1443,0,X05,X12,5,12
1314,2009,1280,1449,0,Z13,Z04,13,4
1315,2009,1428,1112,0,Y05,Y12,5,12
1316,2009,1396,1113,0,X11,X06,11,6
1317,2009,1448,1156,0,Y04,Y13,4,13
1318,2009,1452,1173,0,Y06,Y11,6,11
1319,2009,1295,1242,0,Y14,Y03,14,3
1320,2009,1287,1257,0,Y16b,Y01,16,1
1321,2009,1429,1266,0,Z11,Z06,11,6
1322,2009,1352,1277,0,Y15,Y02,15,2
1323,2009,1165,1281,0,Z14,Z03,14,3
1324,2009,1397,1329,0,W09,W08,9,8
1325,2009,1190,1338,0,W16,W01,16,1
1326,2009,1326,1373,0,Y08,Y09,8,9
1327,2009,1372,1393,0,X14,X03,14,3
1328,2009,1130,1425,0,Y07,Y10,7,10
1329,2009,1199,1458,0,W05,W12,5,12
1330,2009,1340,1462,0,W13,W04,13,4
1331,2009,1401,1163,0,Z09,Z01,9,1
1332,2009,1400,1181,0,W07,W02,7,2
1333,2009,1443,1211,0,X12,X04,12,4
1334,2009,1268,1272,0,Z10,Z02,10,2
1335,2009,1261,1314,0,X08,X01,8,1
1336,2009,1276,1328,0,X10,X02,10,2
1337,2009,1449,1345,0,Z04,Z05,4,5
1338,2009,1417,1437,0,W06,W03,6,3
1339,2009,1156,1112,0,Y13,Y12,13,12
1340,2009,1173,1242,0,Y11,Y03,11,3
1341,2009,1373,1257,0,Y09,Y01,9,1
1342,2009,1425,1277,0,Y10,Y02,10,2
1343,2009,1266,1281,0,Z06,Z03,6,3
1344,2009,1329,1338,0,W08,W01,8,1
1345,2009,1113,1393,0,X06,X03,6,3
1346,2009,1458,1462,0,W12,W04,12,4
1347,2009,1345,1163,0,Z05,Z01,5,1
1348,2009,1272,1281,0,Z02,Z03,2,3
1349,2009,1462,1338,0,W04,W01,4,1
1350,2009,1181,1437,0,W02,W03,2,3
1351,2009,1112,1257,0,Y12,Y01,12,1
1352,2009,1242,1277,0,Y03,Y02,3,2
1353,2009,1211,1314,0,X04,X01,4,1
1354,2009,1393,1328,0,X03,X02,3,2
1355,2009,1281,1163,0,Z03,Z01,3,1
1356,2009,1338,1437,0,W01,W03,1,3
1357,2009,1257,1277,0,Y01,Y02,1,2
1358,2009,1328,1314,0,X02,X01,2,1
1359,2009,1163,1277,0,Z01,Y02,1,2
1360,2009,1437,1314,0,W03,X01,3,1
1361,2009,1277,1314,0,Y02,X01,2,1
1362,2010,1457,1115,0,X16b,X16a,16,16
1363,2010,1358,1124,0,X14,X03,14,3
1364,2010,1431,1139,0,Z12,Z05,12,5
1365,2010,1196,1140,0,Z10,Z07,10,7
1366,2010,1250,1242,0,Y16,Y01,16,1
1367,2010,1317,1243,0,Z15,Z02,15,2
1368,2010,1190,1246,0,W16,W01,16,1
1369,2010,1435,1293,0,Z04,Z13,4,13
1370,2010,1285,1307,0,W14,W03,14,3
1371,2010,1424,1320,0,Y08,Y09,8,9
1372,2010,1207,1325,0,Y03,Y14,3,14
1373,2010,1323,1330,0,X06,X11,6,11
1374,2010,1350,1388,0,X07,X10,7,10
1375,2010,1361,1397,0,Y11,Y06,11,6
1376,2010,1352,1437,0,X15,X02,15,2
1377,2010,1400,1448,0,W08,W09,8,9
1378,2010,1266,1449,0,W06,W11,6,11
1379,2010,1257,1143,0,X09,X08,9,8
1380,2010,1396,1165,0,W05,W12,5,12
1381,2010,1115,1181,0,X16a,X01,16,1
1382,2010,1329,1210,0,Y07,Y10,7,10
1383,2010,1199,1211,0,Z09,Z08,9,8
1384,2010,1222,1268,0,Y13,Y04,13,4
1385,2010,1308,1277,0,Y12,Y05,12,5
1386,2010,1155,1281,0,W07,W10,7,10
1387,2010,1364,1326,0,Y15,Y02,15,2
1388,2010,1324,1338,0,Z14,Z03,14,3
1389,2010,1373,1345,0,X13,X04,13,4
1390,2010,1436,1393,0,Z16,Z01,16,1
1391,2010,1429,1401,0,X12,X05,12,5
1392,2010,1288,1452,0,W15,W02,15,2
1393,2010,1459,1458,0,W13,W04,13,4
1394,2010,1278,1462,0,Z11,Z06,11,6
1395,2010,1330,1124,0,X11,X03,11,3
1396,2010,1293,1139,0,Z13,Z05,13,5
1397,2010,1140,1243,0,Z07,Z02,7,2
1398,2010,1448,1246,0,W09,W01,9,1
1399,2010,1242,1320,0,Y01,Y09,1,9
1400,2010,1437,1388,0,X02,X10,2,10
1401,2010,1325,1397,0,Y14,Y06,14,6
1402,2010,1307,1449,0,W03,W11,3,11
1403,2010,1458,1165,0,W04,W12,4,12
1404,2010,1143,1181,0,X08,X01,8,1
1405,2010,1268,1277,0,Y04,Y05,4,5
1406,2010,1210,1326,0,Y10,Y02,10,2
1407,2010,1401,1345,0,X05,X04,5,4
1408,2010,1211,1393,0,Z08,Z01,8,1
1409,2010,1281,1452,0,W10,W02,10,2
1410,2010,1338,1462,0,Z03,Z06,3,6
1411,2010,1393,1139,0,Z01,Z05,1,5
1412,2010,1462,1243,0,Z06,Z02,6,2
1413,2010,1165,1246,0,W12,W01,12,1
1414,2010,1449,1452,0,W11,W02,11,2
1415,2010,1388,1124,0,X10,X03,10,3
1416,2010,1345,1181,0,X04,X01,4,1
1417,2010,1320,1277,0,Y09,Y05,9,5
1418,2010,1326,1397,0,Y02,Y06,2,6
1419,2010,1243,1139,0,Z02,Z05,2,5
1420,2010,1246,1452,0,W01,W02,1,2
1421,2010,1124,1181,0,X03,X01,3,1
1422,2010,1397,1277,0,Y06,Y05,6,5
1423,2010,1277,1139,0,Y05,Z05,5,5
1424,2010,1452,1181,0,W02,X01,2,1
1425,2010,1139,1181,0,Z05,X01,5,1
1426,2011,1412,1155,0,W12b,W12a,12,12
1427,2011,1114,1421,0,Y16a,Y16b,16,16
1428,2011,1106,1427,0,W16a,W16b,16,16
1429,2011,1425,1433,0,Z11a,Z11b,11,11
1430,2011,1330,1139,0,Y09,Y08,9,8
1431,2011,1459,1140,0,Y14,Y03,14,3
1432,2011,1281,1153,0,X11,X06,11,6
1433,2011,1137,1163,0,X14,X03,14,3
1434,2011,1364,1196,0,Y15,Y02,15,2
1435,2011,1385,1211,0,Y06,Y11,6,11
1436,2011,1429,1243,0,Y12,Y05,12,5
1437,2011,1343,1246,0,W13,W04,13,4
1438,2011,1257,1287,0,Z04,Z13,4,13
1439,2011,1421,1338,0,Y16b,Y01,16,1
1440,2011,1435,1350,0,Z05,Z12,5,12
1441,2011,1294,1361,0,X15,X02,15,2
1442,2011,1336,1396,0,X10,X07,10,7
1443,2011,1277,1417,0,Y10,Y07,10,7
1444,2011,1155,1452,0,W12a,W05,12,5
1445,2011,1125,1458,0,Y13,Y04,13,4
1446,2011,1272,1112,0,X12,X05,12,5
1447,2011,1214,1181,0,X16,X01,16,1
1448,2011,1401,1199,0,Z07,Z10,7,10
1449,2011,1437,1206,0,W09,W08,9,8
1450,2011,1424,1228,0,Z08,Z09,8,9
1451,2011,1131,1242,0,Z16,Z01,16,1
1452,2011,1462,1266,0,W06,W11,6,11
1453,2011,1397,1276,0,X09,X08,9,8
1454,2011,1254,1314,0,W15,W02,15,2
1455,2011,1103,1323,0,Z15,Z02,15,2
1456,2011,1427,1326,0,W16b,W01,16,1
1457,2011,1389,1345,0,Z14,Z03,14,3
1458,2011,1232,1393,0,W14,W03,14,3
1459,2011,1324,1400,0,X13,X04,13,4
1460,2011,1207,1433,0,Z06,Z11b,6,11
1461,2011,1208,1449,0,W10,W07,10,7
1462,2011,1338,1139,0,Y01,Y08,1,8
1463,2011,1211,1140,0,Y11,Y03,11,3
1464,2011,1153,1163,0,X06,X03,6,3
1465,2011,1417,1196,0,Y07,Y02,7,2
1466,2011,1452,1246,0,W05,W04,5,4
1467,2011,1287,1350,0,Z13,Z12,13,12
1468,2011,1396,1361,0,X07,X02,7,2
1469,2011,1243,1458,0,Y05,Y04,5,4
1470,2011,1400,1112,0,X04,X05,4,5
1471,2011,1276,1181,0,X08,X01,8,1
1472,2011,1323,1199,0,Z02,Z10,2,10
1473,2011,1228,1242,0,Z09,Z01,9,1
1474,2011,1393,1266,0,W03,W11,3,11
1475,2011,1449,1314,0,W07,W02,7,2
1476,2011,1206,1326,0,W08,W01,8,1
1477,2011,1345,1433,0,Z03,Z11b,3,11
1478,2011,1181,1112,0,X01,X05,1,5
1479,2011,1458,1139,0,Y04,Y08,4,8
1480,2011,1361,1163,0,X02,X03,2,3
1481,2011,1140,1196,0,Y03,Y02,3,2
1482,2011,1350,1242,0,Z12,Z01,12,1
1483,2011,1326,1246,0,W01,W04,1,4
1484,2011,1266,1314,0,W11,W02,11,2
1485,2011,1199,1433,0,Z10,Z11b,10,11
1486,2011,1196,1139,0,Y02,Y08,2,8
1487,2011,1112,1163,0,X05,X03,5,3
1488,2011,1314,1246,0,W02,W04,2,4
1489,2011,1242,1433,0,Z01,Z11b,1,11
1490,2011,1433,1139,0,Z11b,Y08,11,8
1491,2011,1246,1163,0,W04,X03,4,3
1492,2011,1139,1163,0,Y08,X03,8,3
1493,2012,1233,1140,0,Z14b,Z14a,14,14
1494,2012,1290,1443,0,Y16a,Y16b,16,16
1495,2012,1143,1378,0,X12a,X12b,12,12
1496,2012,1249,1436,0,X16a,X16b,16,16
1497,2012,1355,1124,0,Y14,Y03,14,3
1498,2012,1424,1160,0,Y06,Y11,6,11
1499,2012,1452,1211,0,W10,W07,10,7
1500,2012,1308,1231,0,Y13,Y04,13,4
1501,2012,1163,1235,0,Y09,Y08,9,8
1502,2012,1379,1243,0,W09,W08,9,8
1503,2012,1443,1246,0,Y16b,Y01,16,1
1504,2012,1172,1257,0,Z13,Z04,13,4
1505,2012,1140,1266,0,Z14a,Z03,14,3
1506,2012,1161,1293,0,Z11,Z06,11,6
1507,2012,1253,1307,0,Z12,Z05,12,5
1508,2012,1259,1326,0,W15,W02,15,2
1509,2012,1421,1393,0,W16,W01,16,1
1510,2012,1455,1433,0,Y05,Y12,5,12
1511,2012,1217,1435,0,W12,W05,12,5
1512,2012,1285,1458,0,W13,W04,13,4
1513,2012,1400,1153,0,W11,W06,11,6
1514,2012,1104,1166,0,X09,X08,9,8
1515,2012,1438,1196,0,Z10,Z07,10,7
1516,2012,1382,1199,0,W14,W03,14,3
1517,2012,1125,1207,0,X14,X03,14,3
1518,2012,1178,1242,0,X15,X02,15,2
1519,2012,1181,1250,0,Y02,Y15,2,15
1520,2012,1254,1277,0,Z16,Z01,16,1
1521,2012,1361,1301,0,X06,X11,6,11
1522,2012,1281,1313,0,Z02,Z15,2,15
1523,2012,1436,1314,0,X16b,X01,16,1
1524,2012,1276,1325,0,X04,X13,4,13
1525,2012,1388,1345,0,X07,X10,7,10
1526,2012,1396,1378,0,X05,X12b,5,12
1527,2012,1272,1387,0,Z08,Z09,8,9
1528,2012,1323,1462,0,Y07,Y10,7,10
1529,2012,1160,1124,0,Y11,Y03,11,3
1530,2012,1433,1231,0,Y12,Y04,12,4
1531,2012,1235,1246,0,Y08,Y01,8,1
1532,2012,1307,1257,0,Z05,Z04,5,4
1533,2012,1293,1266,0,Z06,Z03,6,3
1534,2012,1211,1326,0,W07,W02,7,2
1535,2012,1243,1393,0,W08,W01,8,1
1536,2012,1435,1458,0,W05,W04,5,4
1537,2012,1199,1153,0,W03,W06,3,6
1538,2012,1313,1196,0,Z15,Z07,15,7
1539,2012,1345,1242,0,X10,X02,10,2
1540,2012,1387,1277,0,Z09,Z01,9,1
1541,2012,1207,1301,0,X03,X11,3,11
1542,2012,1166,1314,0,X08,X01,8,1
1543,2012,1378,1325,0,X12b,X13,12,13
1544,2012,1250,1462,0,Y15,Y10,15,10
1545,2012,1266,1196,0,Z03,Z07,3,7
1546,2012,1277,1257,0,Z01,Z04,1,4
1547,2012,1153,1326,0,W06,W02,6,2
1548,2012,1458,1393,0,W04,W01,4,1
1549,2012,1462,1124,0,Y10,Y03,10,3
1550,2012,1301,1242,0,X11,X02,11,2
1551,2012,1231,1246,0,Y04,Y01,4,1
1552,2012,1325,1314,0,X13,X01,13,1
1553,2012,1196,1257,0,Z07,Z04,7,4
1554,2012,1393,1326,0,W01,W02,1,2
1555,2012,1314,1242,0,X01,X02,1,2
1556,2012,1124,1246,0,Y03,Y01,3,1
1557,2012,1326,1242,0,W02,X02,2,2
1558,2012,1257,1246,0,Z04,Y01,4,1
1559,2012,1242,1246,0,X02,Y01,2,1
1560,2013,1251,1299,0,Y16a,Y16b,16,16
1561,2013,1292,1388,0,Y11a,Y11b,11,11
1562,2013,1254,1241,0,W16b,W16a,16,16
1563,2013,1129,1247,0,Z13a,Z13b,13,13
1564,2013,1125,1112,0,Z11,Z06,11,6
1565,2013,1137,1139,0,W11,W06,11,6
1566,2013,1424,1143,0,W05,W12,5,12
1567,2013,1281,1161,0,Y09,Y08,9,8
1568,2013,1380,1211,0,Z16,Z01,16,1
1569,2013,1307,1217,0,Z03,Z14,3,14
1570,2013,1299,1257,0,Y16b,Y01,16,1
1571,2013,1172,1266,0,W14,W03,14,3
1572,2013,1388,1272,0,Y11b,Y06,11,6
1573,2013,1355,1276,0,X13,X04,13,4
1574,2013,1434,1277,0,Y14,Y03,14,3
1575,2013,1329,1332,0,Y05,Y12,5,12
1576,2013,1308,1387,0,Y13,Y04,13,4
1577,2013,1285,1393,0,W13,W04,13,4
1578,2013,1103,1433,0,X12,X05,12,5
1579,2013,1338,1455,0,Z08,Z09,8,9
1580,2013,1153,1166,0,Y10,Y07,10,7
1581,2013,1107,1181,0,Y15,Y02,15,2
1582,2013,1207,1195,0,X02,X15,2,15
1583,2013,1322,1196,0,X14,X03,14,3
1584,2013,1160,1228,0,W10,W07,10,7
1585,2013,1241,1231,0,W16a,W01,16,1
1586,2013,1323,1235,0,Z07,Z10,7,10
1587,2013,1443,1242,0,X16,X01,16,1
1588,2013,1243,1247,0,Z04,Z13b,4,13
1589,2013,1334,1274,0,W15,W02,15,2
1590,2013,1417,1278,0,X06,X11,6,11
1591,2013,1458,1279,0,Z05,Z12,5,12
1592,2013,1437,1314,0,X09,X08,9,8
1593,2013,1233,1326,0,Z15,Z02,15,2
1594,2013,1328,1361,0,X10,X07,10,7
1595,2013,1301,1396,0,W08,W09,8,9
1596,2013,1217,1112,0,Z14,Z06,14,6
1597,2013,1161,1257,0,Y08,Y01,8,1
1598,2013,1139,1266,0,W06,W03,6,3
1599,2013,1433,1276,0,X05,X04,5,4
1600,2013,1272,1277,0,Y06,Y03,6,3
1601,2013,1387,1332,0,Y04,Y12,4,12
1602,2013,1143,1393,0,W12,W04,12,4
1603,2013,1211,1455,0,Z01,Z09,1,9
1604,2013,1166,1181,0,Y07,Y02,7,2
1605,2013,1361,1195,0,X07,X15,7,15
1606,2013,1278,1196,0,X11,X03,11,3
1607,2013,1396,1231,0,W09,W01,9,1
1608,2013,1314,1242,0,X08,X01,8,1
1609,2013,1279,1247,0,Z12,Z13b,12,13
1610,2013,1228,1274,0,W07,W02,7,2
1611,2013,1235,1326,0,Z10,Z02,10,2
1612,2013,1274,1266,0,W02,W03,2,3
1613,2013,1112,1326,0,Z06,Z02,6,2
1614,2013,1231,1393,0,W01,W04,1,4
1615,2013,1247,1455,0,Z13b,Z09,13,9
1616,2013,1277,1181,0,Y03,Y02,3,2
1617,2013,1195,1196,0,X15,X03,15,3
1618,2013,1332,1257,0,Y12,Y01,12,1
1619,2013,1242,1276,0,X01,X04,1,4
1620,2013,1266,1393,0,W03,W04,3,4
1621,2013,1326,1455,0,Z02,Z09,2,9
1622,2013,1181,1257,0,Y02,Y01,2,1
1623,2013,1196,1276,0,X03,X04,3,4
1624,2013,1455,1257,0,Z09,Y01,9,1
1625,2013,1393,1276,0,W04,X04,4,4
1626,2013,1276,1257,0,X04,Y01,4,1
1627,2014,1291,1107,0,X16b,X16a,16,16
1628,2014,1462,1301,0,Y12b,Y12a,12,12
1629,2014,1411,1142,0,Y16b,Y16a,16,16
1630,2014,1234,1397,0,Y11a,Y11b,11,11
1631,2014,1386,1163,0,W10,W07,10,7
1632,2014,1326,1173,0,X06,X11,6,11
1633,2014,1107,1196,0,X16a,X01,16,1
1634,2014,1153,1217,0,W05,W12,5,12
1635,2014,1264,1257,0,Y13,Y04,13,4
1636,2014,1459,1276,0,Y15,Y02,15,2
1637,2014,1174,1277,0,W13,W04,13,4
1638,2014,1328,1295,0,Z05,Z12,5,12
1639,2014,1140,1332,0,Z10,Z07,10,7
1640,2014,1160,1338,0,X08,X09,8,9
1641,2014,1308,1361,0,Z13,Z04,13,4
1642,2014,1301,1387,0,Y12a,Y05,12,5
1643,2014,1444,1393,0,X14,X03,14,3
1644,2014,1113,1400,0,Y10,Y07,10,7
1645,2014,1454,1437,0,W15,W02,15,2
1646,2014,1110,1458,0,Z15,Z02,15,2
1647,2014,1451,1112,0,Z16,Z01,16,1
1648,2014,1304,1124,0,Z11,Z06,11,6
1649,2014,1418,1166,0,Z14,Z03,14,3
1650,2014,1329,1211,0,Z09,Z08,9,8
1651,2014,1300,1235,0,W14,W03,14,3
1652,2014,1184,1242,0,X15,X02,15,2
1653,2014,1243,1246,0,Y09,Y08,9,8
1654,2014,1203,1272,0,W09,W08,9,8
1655,2014,1181,1273,0,Y03,Y14,3,14
1656,2014,1344,1314,0,W11,W06,11,6
1657,2014,1433,1372,0,X05,X12,5,12
1658,2014,1307,1390,0,X07,X10,7,10
1659,2014,1269,1397,0,Y06,Y11b,6,11
1660,2014,1409,1417,0,X13,X04,13,4
1661,2014,1157,1438,0,W16,W01,16,1
1662,2014,1142,1455,0,Y16a,Y01,16,1
1663,2014,1437,1163,0,W02,W07,2,7
1664,2014,1393,1173,0,X03,X11,3,11
1665,2014,1338,1196,0,X09,X01,9,1
1666,2014,1387,1257,0,Y05,Y04,5,4
1667,2014,1400,1276,0,Y07,Y02,7,2
1668,2014,1217,1277,0,W12,W04,12,4
1669,2014,1295,1361,0,Z12,Z04,12,4
1670,2014,1332,1458,0,Z07,Z02,7,2
1671,2014,1211,1112,0,Z08,Z01,8,1
1672,2014,1166,1124,0,Z03,Z06,3,6
1673,2014,1314,1235,0,W06,W03,6,3
1674,2014,1455,1246,0,Y01,Y08,1,8
1675,2014,1242,1390,0,X02,X10,2,10
1676,2014,1273,1397,0,Y14,Y11b,14,11
1677,2014,1372,1417,0,X12,X04,12,4
1678,2014,1272,1438,0,W08,W01,8,1
1679,2014,1361,1112,0,Z04,Z01,4,1
1680,2014,1390,1173,0,X10,X11,10,11
1681,2014,1417,1196,0,X04,X01,4,1
1682,2014,1124,1458,0,Z06,Z02,6,2
1683,2014,1235,1163,0,W03,W07,3,7
1684,2014,1257,1246,0,Y04,Y08,4,8
1685,2014,1397,1276,0,Y11b,Y02,11,2
1686,2014,1438,1277,0,W01,W04,1,4
1687,2014,1173,1196,0,X11,X01,11,1
1688,2014,1112,1458,0,Z01,Z02,1,2
1689,2014,1277,1163,0,W04,W07,4,7
1690,2014,1276,1246,0,Y02,Y08,2,8
1691,2014,1196,1163,0,X01,W07,1,7
1692,2014,1458,1246,0,Z02,Y08,2,8
1693,2014,1246,1163,0,Y08,W07,8,7
1694,2015,1264,1214,0,Y16b,Y16a,16,16
1695,2015,1140,1279,0,Z11a,Z11b,11,11
1696,2015,1129,1173,0,W11a,W11b,11,11
1697,2015,1316,1352,0,X16a,X16b,16,16
1698,2015,1411,1112,0,Z15,Z02,15,2
1699,2015,1459,1116,0,Z12,Z05,12,5
1700,2015,1400,1139,0,Y11,Y06,11,6
1701,2015,1345,1153,0,Y09,Y08,9,8
1702,2015,1186,1207,0,X13,X04,13,4
1703,2015,1124,1209,0,Z03,Z14,3,14
1704,2015,1214,1246,0,Y16a,Y01,16,1
1705,2015,1261,1301,0,W09,W08,9,8
1706,2015,1217,1314,0,Z13,Z04,13,4
1707,2015,1318,1323,0,Y14,Y03,14,3
1708,2015,1433,1326,0,Z07,Z10,7,10
1709,2015,1235,1412,0,X03,X14,3,14
1710,2015,1374,1417,0,X06,X11,6,11
1711,2015,1372,1428,0,X12,X05,12,5
1712,2015,1248,1437,0,W16,W01,16,1
1713,2015,1279,1462,0,Z11b,Z06,11,6
1714,2015,1344,1173,0,W06,W11b,6,11
1715,2015,1352,1181,0,X16b,X01,16,1
1716,2015,1295,1211,0,X15,X02,15,2
1717,2015,1172,1234,0,X10,X07,10,7
1718,2015,1308,1242,0,Y15,Y02,15,2
1719,2015,1414,1257,0,W13,W04,13,4
1720,2015,1434,1268,0,Y13,Y04,13,4
1721,2015,1208,1277,0,W10,W07,10,7
1722,2015,1461,1320,0,W12,W05,12,5
1723,2015,1107,1328,0,W14,W03,14,3
1724,2015,1329,1332,0,Z09,Z08,9,8
1725,2015,1385,1361,0,X09,X08,9,8
1726,2015,1125,1438,0,W15,W02,15,2
1727,2015,1138,1452,0,Y12,Y05,12,5
1728,2015,1231,1455,0,Y10,Y07,10,7
1729,2015,1157,1458,0,Z16,Z01,16,1
1730,2015,1326,1112,0,Z10,Z02,10,2
1731,2015,1153,1246,0,Y08,Y01,8,1
1732,2015,1437,1301,0,W01,W08,1,8
1733,2015,1116,1314,0,Z05,Z04,5,4
1734,2015,1139,1323,0,Y06,Y03,6,3
1735,2015,1412,1417,0,X14,X11,14,11
1736,2015,1207,1428,0,X04,X05,4,5
1737,2015,1209,1462,0,Z14,Z06,14,6
1738,2015,1361,1181,0,X08,X01,8,1
1739,2015,1234,1211,0,X07,X02,7,2
1740,2015,1320,1257,0,W05,W04,5,4
1741,2015,1438,1277,0,W02,W07,2,7
1742,2015,1173,1328,0,W11b,W03,11,3
1743,2015,1268,1452,0,Y04,Y05,4,5
1744,2015,1242,1455,0,Y02,Y07,2,7
1745,2015,1332,1458,0,Z08,Z01,8,1
1746,2015,1462,1112,0,Z06,Z02,6,2
1747,2015,1452,1246,0,Y05,Y01,5,1
1748,2015,1455,1323,0,Y07,Y03,7,3
1749,2015,1314,1458,0,Z04,Z01,4,1
1750,2015,1428,1181,0,X05,X01,5,1
1751,2015,1417,1211,0,X11,X02,11,2
1752,2015,1301,1257,0,W08,W04,8,4
1753,2015,1328,1277,0,W03,W07,3,7
1754,2015,1323,1246,0,Y03,Y01,3,1
1755,2015,1112,1458,0,Z02,Z01,2,1
1756,2015,1211,1181,0,X02,X01,2,1
1757,2015,1257,1277,0,W04,W07,4,7
1758,2015,1277,1181,0,W07,X01,7,1
1759,2015,1246,1458,0,Y01,Z01,1,1
1760,2015,1458,1181,0,Z01,X01,1,1
1761,2016,1192,1195,0,W16a,W16b,16,16
1762,2016,1435,1455,0,Y11a,Y11b,11,11
1763,2016,1380,1221,0,Z16b,Z16a,16,16
1764,2016,1409,1276,0,W11b,W11a,11,11
1765,2016,1345,1114,0,X05,X12,5,12
1766,2016,1403,1139,0,X08,X09,8,9
1767,2016,1160,1163,0,Y08,Y09,8,9
1768,2016,1423,1181,0,Z13,Z04,13,4
1769,2016,1371,1211,0,X06,X11,6,11
1770,2016,1151,1231,0,W12,W05,12,5
1771,2016,1233,1235,0,X13,X04,13,4
1772,2016,1122,1242,0,Y16,Y01,16,1
1773,2016,1392,1246,0,W13,W04,13,4
1774,2016,1138,1274,0,Y14,Y03,14,3
1775,2016,1195,1314,0,W16b,W01,16,1
1776,2016,1425,1344,0,W08,W09,8,9
1777,2016,1201,1428,0,X14,X03,14,3
1778,2016,1214,1438,0,X16,X01,16,1
1779,2016,1112,1455,0,Y06,Y11b,6,11
1780,2016,1124,1463,0,Z05,Z12,5,12
1781,2016,1143,1218,0,Y04,Y13,4,13
1782,2016,1396,1234,0,Y10,Y07,10,7
1783,2016,1355,1268,0,Y12,Y05,12,5
1784,2016,1277,1292,0,X02,X15,2,15
1785,2016,1400,1320,0,Z06,Z11,6,11
1786,2016,1276,1323,0,W11a,W06,11,6
1787,2016,1167,1328,0,Z15,Z02,15,2
1788,2016,1221,1332,0,Z16a,Z01,16,1
1789,2016,1452,1372,0,W03,W14,3,14
1790,2016,1153,1386,0,Z09,Z08,9,8
1791,2016,1173,1393,0,X07,X10,7,10
1792,2016,1453,1401,0,Z14,Z03,14,3
1793,2016,1333,1433,0,Z07,Z10,7,10
1794,2016,1421,1437,0,Y15,Y02,15,2
1795,2016,1338,1458,0,W10,W07,10,7
1796,2016,1451,1462,0,W15,W02,15,2
1797,2016,1463,1181,0,Z12,Z04,12,4
1798,2016,1428,1211,0,X03,X11,3,11
1799,2016,1246,1231,0,W04,W05,4,5
1800,2016,1114,1235,0,X12,X04,12,4
1801,2016,1163,1242,0,Y09,Y01,9,1
1802,2016,1455,1274,0,Y11b,Y03,11,3
1803,2016,1344,1314,0,W09,W01,9,1
1804,2016,1139,1438,0,X09,X01,9,1
1805,2016,1218,1268,0,Y13,Y05,13,5
1806,2016,1372,1323,0,W14,W06,14,6
1807,2016,1433,1328,0,Z10,Z02,10,2
1808,2016,1386,1332,0,Z08,Z01,8,1
1809,2016,1292,1393,0,X15,X10,15,10
1810,2016,1320,1401,0,Z11,Z03,11,3
1811,2016,1234,1437,0,Y07,Y02,7,2
1812,2016,1462,1458,0,W02,W07,2,7
1813,2016,1268,1242,0,Y05,Y01,5,1
1814,2016,1401,1328,0,Z03,Z02,3,2
1815,2016,1181,1332,0,Z04,Z01,4,1
1816,2016,1274,1437,0,Y03,Y02,3,2
1817,2016,1231,1314,0,W05,W01,5,1
1818,2016,1458,1323,0,W07,W06,7,6
1819,2016,1211,1393,0,X11,X10,11,10
1820,2016,1235,1438,0,X04,X01,4,1
1821,2016,1332,1328,0,Z01,Z02,1,2
1822,2016,1242,1437,0,Y01,Y02,1,2
1823,2016,1323,1314,0,W06,W01,6,1
1824,2016,1438,1393,0,X01,X10,1,10
1825,2016,1393,1314,0,X10,W01,10,1
1826,2016,1328,1437,0,Z02,Y02,2,2
1827,2016,1314,1437,0,W01,Y02,1,2
